08:54:43.161 [Thread-1] ERROR TraceAnalysisToolMain - Configuration Error
08:55:03.802 [Thread-2] ERROR TraceAnalysisToolMain - Configuration Error
08:55:18.945 [Thread-3] ERROR TraceAnalysisToolMain - Configuration Error
08:56:50.010 [Thread-4] ERROR TraceAnalysisToolMain - Configuration Error
09:00:42.624 [Thread-5] ERROR TraceAnalysisToolMain - Configuration Error
10:24:49.807 [Thread-1] ERROR TraceAnalysisToolMain - Configuration Error
11:07:28.614 [Thread-1] ERROR TraceAnalysisToolMain - No input directories specified.
11:07:28.623 [Thread-1] ERROR TraceAnalysisToolMain - Configuration Error
12:00:59.454 [Thread-1] ERROR TraceAnalysisToolMain - No input directories specified.
12:00:59.463 [Thread-1] ERROR TraceAnalysisToolMain - Configuration Error
12:01:28.219 [Thread-2] ERROR TraceAnalysisToolMain - No input directories specified.
12:01:28.220 [Thread-2] ERROR TraceAnalysisToolMain - Configuration Error
12:09:53.201 [Thread-3] ERROR TraceAnalysisToolMain - Was passed main parameter '--inputdirs python\kieker-logs' but no main parameter was defined in your arg class
12:10:21.479 [Thread-4] ERROR TraceAnalysisToolMain - Was passed main parameter '--inputdirs python/kieker-logs' but no main parameter was defined in your arg class
12:10:35.217 [Thread-5] ERROR TraceAnalysisToolMain - Was passed main parameter '--inputdirs python/kieker-logs' but no main parameter was defined in your arg class
12:11:11.499 [Thread-1] ERROR TraceAnalysisToolMain - Was passed main parameter '--inputdirs python/kieker-logs' but no main parameter was defined in your arg class
12:13:40.045 [Thread-2] ERROR TraceAnalysisToolMain - Was passed main parameter '--plot-Deployment-Component-Dependency-Graph none' but no main parameter was defined in your arg class
12:14:07.052 [Thread-3] ERROR TraceAnalysisToolMain - The specified input directory 'C:\w\kieker\tools\trace-analysis\python\kieker-logs' does not exist
12:14:07.053 [Thread-3] ERROR TraceAnalysisToolMain - Configuration Error
12:15:59.562 [Thread-4] ERROR TraceAnalysisToolMain - The specified input directory 'C:\w\kieker\python\kieker-logs' is not a kieker log directory
12:15:59.562 [Thread-4] ERROR TraceAnalysisToolMain - Configuration Error
12:16:24.579 [Thread-5] ERROR TraceAnalysisToolMain - Error resolving name of input directory: 'C:\w\kieker\python\kieker-logs\kieker*'
12:16:24.638 [Thread-5] WARN  k.t.t.a.AbstractTraceAnalysisConfiguration - Unknown decoration name 'none'.
12:16:24.663 [Thread-5] INFO  t.f.s.p.A3PipeInstantiation - Unconnected port teetime.framework.OutputPort@1998013c in stage DynamicEventDispatcher-0
12:16:24.664 [Thread-5] INFO  t.f.s.p.A3PipeInstantiation - Unconnected port teetime.framework.OutputPort@76edef03 in stage TraceIdFilter-0
12:16:24.664 [Thread-5] INFO  t.f.s.p.A3PipeInstantiation - Unconnected port teetime.framework.OutputPort@5e58450 in stage Merger-1
12:16:24.664 [Thread-5] INFO  t.f.s.p.A3PipeInstantiation - Unconnected port teetime.framework.OutputPort@4e0bf216 in stage InstanceOfFilter-3
12:16:24.669 [Thread-5] WARN  k.a.a.t.TraceIdFilter:TraceIdFilter-0 - Received more than one signal - teetime.framework.signal.ValidatingSignal@5dc27d46 - from input port: teetime.framework.InputPort@19d9cc56
12:16:24.669 [Thread-5] WARN  k.a.a.t.TraceIdFilter:TraceIdFilter-0 - Received more than one signal - teetime.framework.signal.ValidatingSignal@5dc27d46 - from input port: teetime.framework.InputPort@19d9cc56
12:16:24.669 [Thread-5] WARN  k.a.a.t.TraceIdFilter:TraceIdFilter-0 - Received more than one signal - teetime.framework.signal.ValidatingSignal@5dc27d46 - from input port: teetime.framework.InputPort@19d9cc56
12:16:24.671 [Thread for KiekerDirectoryScannerStage-0] INFO  k.a.g.DynamicEventDispatcher:DynamicEventDispatcher-0 - Records processed in total 0.
12:17:44.504 [Thread-7] ERROR TraceAnalysisToolMain - Error resolving name of input directory: 'C:\w\kieker\python\kieker-logs\kieker*'
12:17:44.507 [Thread-7] INFO  t.f.s.p.A3PipeInstantiation - Unconnected port teetime.framework.OutputPort@2fb29855 in stage DynamicEventDispatcher-1
12:17:44.507 [Thread-7] INFO  t.f.s.p.A3PipeInstantiation - Unconnected port teetime.framework.OutputPort@1d5fe23f in stage TraceIdFilter-1
12:17:44.507 [Thread-7] INFO  t.f.s.p.A3PipeInstantiation - Unconnected port teetime.framework.OutputPort@3b205b64 in stage Merger-6
12:17:44.507 [Thread-7] INFO  t.f.s.p.A3PipeInstantiation - Unconnected port teetime.framework.OutputPort@427654cb in stage InstanceOfFilter-7
12:17:44.509 [Thread-7] WARN  k.a.a.t.TraceIdFilter:TraceIdFilter-1 - Received more than one signal - teetime.framework.signal.ValidatingSignal@45e7bd3c - from input port: teetime.framework.InputPort@4439fc9f
12:17:44.509 [Thread-7] WARN  k.a.a.t.TraceIdFilter:TraceIdFilter-1 - Received more than one signal - teetime.framework.signal.ValidatingSignal@45e7bd3c - from input port: teetime.framework.InputPort@4439fc9f
12:17:44.509 [Thread-7] WARN  k.a.a.t.TraceIdFilter:TraceIdFilter-1 - Received more than one signal - teetime.framework.signal.ValidatingSignal@45e7bd3c - from input port: teetime.framework.InputPort@4439fc9f
12:17:44.509 [Thread for KiekerDirectoryScannerStage-1] INFO  k.a.g.DynamicEventDispatcher:DynamicEventDispatcher-1 - Records processed in total 0.
12:19:04.008 [Thread-9] ERROR TraceAnalysisToolMain - Error resolving name of input directory: 'C:\w\kieker\python\kieker-logs\kieker*'
12:19:04.009 [Thread-9] INFO  t.f.s.p.A3PipeInstantiation - Unconnected port teetime.framework.OutputPort@20f01d52 in stage DynamicEventDispatcher-2
12:19:04.009 [Thread-9] INFO  t.f.s.p.A3PipeInstantiation - Unconnected port teetime.framework.OutputPort@4bf38720 in stage TraceIdFilter-2
12:19:04.009 [Thread-9] INFO  t.f.s.p.A3PipeInstantiation - Unconnected port teetime.framework.OutputPort@3b80f7da in stage Merger-11
12:19:04.009 [Thread-9] INFO  t.f.s.p.A3PipeInstantiation - Unconnected port teetime.framework.OutputPort@252b8943 in stage InstanceOfFilter-11
12:19:04.010 [Thread-9] WARN  k.a.a.t.TraceIdFilter:TraceIdFilter-2 - Received more than one signal - teetime.framework.signal.ValidatingSignal@48e98b4f - from input port: teetime.framework.InputPort@5924bd69
12:19:04.010 [Thread-9] WARN  k.a.a.t.TraceIdFilter:TraceIdFilter-2 - Received more than one signal - teetime.framework.signal.ValidatingSignal@48e98b4f - from input port: teetime.framework.InputPort@5924bd69
12:19:04.010 [Thread-9] WARN  k.a.a.t.TraceIdFilter:TraceIdFilter-2 - Received more than one signal - teetime.framework.signal.ValidatingSignal@48e98b4f - from input port: teetime.framework.InputPort@5924bd69
12:19:04.010 [Thread for KiekerDirectoryScannerStage-2] INFO  k.a.g.DynamicEventDispatcher:DynamicEventDispatcher-2 - Records processed in total 0.
12:19:52.802 [Thread-11] ERROR TraceAnalysisToolMain - Error resolving name of input directory: 'C:\w\kieker\python\kieker-logs\kieker*'
12:19:52.805 [Thread-11] INFO  t.f.s.p.A3PipeInstantiation - Unconnected port teetime.framework.OutputPort@dbc81e2 in stage DynamicEventDispatcher-3
12:19:52.805 [Thread-11] INFO  t.f.s.p.A3PipeInstantiation - Unconnected port teetime.framework.OutputPort@3e58a233 in stage TraceIdFilter-3
12:19:52.805 [Thread-11] INFO  t.f.s.p.A3PipeInstantiation - Unconnected port teetime.framework.OutputPort@5b921a82 in stage Merger-16
12:19:52.805 [Thread-11] INFO  t.f.s.p.A3PipeInstantiation - Unconnected port teetime.framework.OutputPort@1b293610 in stage InstanceOfFilter-15
12:19:52.806 [Thread-11] WARN  k.a.a.t.TraceIdFilter:TraceIdFilter-3 - Received more than one signal - teetime.framework.signal.ValidatingSignal@4636ac8c - from input port: teetime.framework.InputPort@5aa3c054
12:19:52.806 [Thread-11] WARN  k.a.a.t.TraceIdFilter:TraceIdFilter-3 - Received more than one signal - teetime.framework.signal.ValidatingSignal@4636ac8c - from input port: teetime.framework.InputPort@5aa3c054
12:19:52.806 [Thread-11] WARN  k.a.a.t.TraceIdFilter:TraceIdFilter-3 - Received more than one signal - teetime.framework.signal.ValidatingSignal@4636ac8c - from input port: teetime.framework.InputPort@5aa3c054
12:19:52.806 [Thread for KiekerDirectoryScannerStage-3] INFO  k.a.g.DynamicEventDispatcher:DynamicEventDispatcher-3 - Records processed in total 0.
12:20:24.705 [Thread-1] ERROR TraceAnalysisToolMain - Error resolving name of input directory: 'C:\w\kieker\python\kieker-logs\kieker*'
12:20:24.780 [Thread-1] INFO  t.f.s.p.A3PipeInstantiation - Unconnected port teetime.framework.OutputPort@6f325b2b in stage DynamicEventDispatcher-0
12:20:24.780 [Thread-1] INFO  t.f.s.p.A3PipeInstantiation - Unconnected port teetime.framework.OutputPort@33f11d6c in stage TraceIdFilter-0
12:20:24.780 [Thread-1] INFO  t.f.s.p.A3PipeInstantiation - Unconnected port teetime.framework.OutputPort@1762573f in stage Merger-1
12:20:24.780 [Thread-1] INFO  t.f.s.p.A3PipeInstantiation - Unconnected port teetime.framework.OutputPort@2c5cf58c in stage InstanceOfFilter-3
12:20:24.785 [Thread-1] WARN  k.a.a.t.TraceIdFilter:TraceIdFilter-0 - Received more than one signal - teetime.framework.signal.ValidatingSignal@63dab250 - from input port: teetime.framework.InputPort@2e4e2770
12:20:24.785 [Thread-1] WARN  k.a.a.t.TraceIdFilter:TraceIdFilter-0 - Received more than one signal - teetime.framework.signal.ValidatingSignal@63dab250 - from input port: teetime.framework.InputPort@2e4e2770
12:20:24.785 [Thread-1] WARN  k.a.a.t.TraceIdFilter:TraceIdFilter-0 - Received more than one signal - teetime.framework.signal.ValidatingSignal@63dab250 - from input port: teetime.framework.InputPort@2e4e2770
12:20:24.785 [Thread for KiekerDirectoryScannerStage-0] INFO  k.a.g.DynamicEventDispatcher:DynamicEventDispatcher-0 - Records processed in total 0.
12:23:04.219 [Thread-3] INFO  t.f.s.p.A3PipeInstantiation - Unconnected port teetime.framework.OutputPort@2407c571 in stage DynamicEventDispatcher-1
12:23:04.219 [Thread-3] INFO  t.f.s.p.A3PipeInstantiation - Unconnected port teetime.framework.OutputPort@32dfbed0 in stage TraceIdFilter-1
12:23:04.219 [Thread-3] INFO  t.f.s.p.A3PipeInstantiation - Unconnected port teetime.framework.OutputPort@73151b82 in stage Merger-6
12:23:04.219 [Thread-3] INFO  t.f.s.p.A3PipeInstantiation - Unconnected port teetime.framework.OutputPort@38dbb15e in stage InstanceOfFilter-7
12:23:04.220 [Thread-3] WARN  k.a.a.t.TraceIdFilter:TraceIdFilter-1 - Received more than one signal - teetime.framework.signal.ValidatingSignal@c750dcc - from input port: teetime.framework.InputPort@36d8d45f
12:23:04.220 [Thread-3] WARN  k.a.a.t.TraceIdFilter:TraceIdFilter-1 - Received more than one signal - teetime.framework.signal.ValidatingSignal@c750dcc - from input port: teetime.framework.InputPort@36d8d45f
12:23:04.220 [Thread-3] WARN  k.a.a.t.TraceIdFilter:TraceIdFilter-1 - Received more than one signal - teetime.framework.signal.ValidatingSignal@c750dcc - from input port: teetime.framework.InputPort@36d8d45f
12:23:04.527 [Thread for KiekerDirectoryScannerStage-1] INFO  k.a.g.DynamicEventDispatcher:DynamicEventDispatcher-1 - Records processed in total 0.
12:23:04.532 [Thread for Merger-7] INFO  k.a.generic.sink.NullSink:NullSink-3 - 1 records received.
12:23:04.532 [Thread for Merger-9] INFO  k.a.generic.sink.NullSink:NullSink-5 - 1 records received.
12:23:04.532 [Thread for Merger-7] INFO  k.a.generic.sink.NullSink:NullSink-3 - 1 class kieker.model.system.model.ExecutionTrace records received.
12:23:04.532 [Thread for Merger-9] INFO  k.a.generic.sink.NullSink:NullSink-5 - 1 class kieker.model.system.model.MessageTrace records received.
12:23:04.532 [Thread for Merger-7] INFO  k.a.generic.sink.NullSink:NullSink-3 - 2 records received.
12:23:04.532 [Thread for Merger-7] INFO  k.a.generic.sink.NullSink:NullSink-3 - 2 class kieker.model.system.model.ExecutionTrace records received.
12:23:04.532 [Thread for Merger-7] INFO  k.a.generic.sink.NullSink:NullSink-3 - 3 records received.
12:23:04.532 [Thread for Merger-7] INFO  k.a.generic.sink.NullSink:NullSink-3 - 3 class kieker.model.system.model.ExecutionTrace records received.
12:23:04.532 [Thread for Merger-7] INFO  k.a.generic.sink.NullSink:NullSink-3 - 4 records received.
12:23:04.532 [Thread for Merger-7] INFO  k.a.generic.sink.NullSink:NullSink-3 - 4 class kieker.model.system.model.ExecutionTrace records received.
12:23:04.532 [Thread for Merger-7] INFO  k.a.generic.sink.NullSink:NullSink-3 - 5 records received.
12:23:04.532 [Thread for Merger-7] INFO  k.a.generic.sink.NullSink:NullSink-3 - 5 class kieker.model.system.model.ExecutionTrace records received.
12:23:04.533 [Thread for Merger-7] INFO  k.a.generic.sink.NullSink:NullSink-3 - 6 records received.
12:23:04.533 [Thread for Merger-7] INFO  k.a.generic.sink.NullSink:NullSink-3 - 6 class kieker.model.system.model.ExecutionTrace records received.
12:23:04.533 [Thread for Merger-7] INFO  k.a.generic.sink.NullSink:NullSink-3 - 7 records received.
12:23:04.533 [Thread for Merger-7] INFO  k.a.generic.sink.NullSink:NullSink-3 - 7 class kieker.model.system.model.ExecutionTrace records received.
12:23:04.533 [Thread for Merger-7] INFO  k.a.generic.sink.NullSink:NullSink-3 - 8 records received.
12:23:04.533 [Thread for Merger-7] INFO  k.a.generic.sink.NullSink:NullSink-3 - 8 class kieker.model.system.model.ExecutionTrace records received.
12:23:04.533 [Thread for Merger-7] INFO  k.a.generic.sink.NullSink:NullSink-3 - 9 records received.
12:23:04.533 [Thread for Merger-7] INFO  k.a.generic.sink.NullSink:NullSink-3 - 9 class kieker.model.system.model.ExecutionTrace records received.
12:23:04.533 [Thread for Merger-7] INFO  k.a.generic.sink.NullSink:NullSink-3 - 10 records received.
12:23:04.533 [Thread for Merger-7] INFO  k.a.generic.sink.NullSink:NullSink-3 - 10 class kieker.model.system.model.ExecutionTrace records received.
12:23:04.533 [Thread for Merger-7] INFO  k.a.generic.sink.NullSink:NullSink-3 - 11 records received.
12:23:04.533 [Thread for Merger-7] INFO  k.a.generic.sink.NullSink:NullSink-3 - 11 class kieker.model.system.model.ExecutionTrace records received.
12:23:04.533 [Thread for Merger-7] INFO  k.a.generic.sink.NullSink:NullSink-3 - 12 records received.
12:23:04.533 [Thread for Merger-7] INFO  k.a.generic.sink.NullSink:NullSink-3 - 12 class kieker.model.system.model.ExecutionTrace records received.
12:23:04.533 [Thread for Merger-7] INFO  k.a.generic.sink.NullSink:NullSink-3 - 13 records received.
12:23:04.533 [Thread for Merger-7] INFO  k.a.generic.sink.NullSink:NullSink-3 - 13 class kieker.model.system.model.ExecutionTrace records received.
12:23:04.533 [Thread for Merger-7] INFO  k.a.generic.sink.NullSink:NullSink-3 - 14 records received.
12:23:04.533 [Thread for Merger-7] INFO  k.a.generic.sink.NullSink:NullSink-3 - 14 class kieker.model.system.model.ExecutionTrace records received.
12:23:04.533 [Thread for Merger-7] INFO  k.a.generic.sink.NullSink:NullSink-3 - 15 records received.
12:23:04.533 [Thread for Merger-7] INFO  k.a.generic.sink.NullSink:NullSink-3 - 15 class kieker.model.system.model.ExecutionTrace records received.
12:23:04.533 [Thread for Merger-7] INFO  k.a.generic.sink.NullSink:NullSink-3 - 16 records received.
12:23:04.533 [Thread for Merger-7] INFO  k.a.generic.sink.NullSink:NullSink-3 - 16 class kieker.model.system.model.ExecutionTrace records received.
12:23:04.533 [Thread for Merger-7] INFO  k.a.generic.sink.NullSink:NullSink-3 - 17 records received.
12:23:04.533 [Thread for Merger-7] INFO  k.a.generic.sink.NullSink:NullSink-3 - 17 class kieker.model.system.model.ExecutionTrace records received.
12:23:04.533 [Thread for Merger-7] INFO  k.a.generic.sink.NullSink:NullSink-3 - 18 records received.
12:23:04.533 [Thread for Merger-7] INFO  k.a.generic.sink.NullSink:NullSink-3 - 18 class kieker.model.system.model.ExecutionTrace records received.
12:23:04.533 [Thread for Merger-7] INFO  k.a.generic.sink.NullSink:NullSink-3 - 19 records received.
12:23:04.533 [Thread for Merger-7] INFO  k.a.generic.sink.NullSink:NullSink-3 - 19 class kieker.model.system.model.ExecutionTrace records received.
12:23:04.533 [Thread for Merger-7] INFO  k.a.generic.sink.NullSink:NullSink-3 - 20 records received.
12:23:04.533 [Thread for Merger-7] INFO  k.a.generic.sink.NullSink:NullSink-3 - 20 class kieker.model.system.model.ExecutionTrace records received.
12:23:04.533 [Thread for Merger-7] INFO  k.a.generic.sink.NullSink:NullSink-3 - 21 records received.
12:23:04.533 [Thread for Merger-7] INFO  k.a.generic.sink.NullSink:NullSink-3 - 21 class kieker.model.system.model.ExecutionTrace records received.
12:23:04.533 [Thread for Merger-7] INFO  k.a.generic.sink.NullSink:NullSink-3 - 22 records received.
12:23:04.533 [Thread for Merger-7] INFO  k.a.generic.sink.NullSink:NullSink-3 - 22 class kieker.model.system.model.ExecutionTrace records received.
12:23:04.533 [Thread for Merger-7] INFO  k.a.generic.sink.NullSink:NullSink-3 - 23 records received.
12:23:04.533 [Thread for Merger-7] INFO  k.a.generic.sink.NullSink:NullSink-3 - 23 class kieker.model.system.model.ExecutionTrace records received.
12:23:04.533 [Thread for Merger-7] INFO  k.a.generic.sink.NullSink:NullSink-3 - 24 records received.
12:23:04.533 [Thread for Merger-7] INFO  k.a.generic.sink.NullSink:NullSink-3 - 24 class kieker.model.system.model.ExecutionTrace records received.
12:23:04.533 [Thread for Merger-7] INFO  k.a.generic.sink.NullSink:NullSink-3 - 25 records received.
12:23:04.533 [Thread for Merger-7] INFO  k.a.generic.sink.NullSink:NullSink-3 - 25 class kieker.model.system.model.ExecutionTrace records received.
12:23:04.533 [Thread for Merger-7] INFO  k.a.generic.sink.NullSink:NullSink-3 - 26 records received.
12:23:04.533 [Thread for Merger-7] INFO  k.a.generic.sink.NullSink:NullSink-3 - 26 class kieker.model.system.model.ExecutionTrace records received.
12:23:04.533 [Thread for Merger-7] INFO  k.a.generic.sink.NullSink:NullSink-3 - 27 records received.
12:23:04.533 [Thread for Merger-7] INFO  k.a.generic.sink.NullSink:NullSink-3 - 27 class kieker.model.system.model.ExecutionTrace records received.
12:23:04.533 [Thread for Merger-7] INFO  k.a.generic.sink.NullSink:NullSink-3 - 28 records received.
12:23:04.535 [Thread for Merger-7] INFO  k.a.generic.sink.NullSink:NullSink-3 - 28 class kieker.model.system.model.ExecutionTrace records received.
12:23:04.535 [Thread for Merger-7] INFO  k.a.generic.sink.NullSink:NullSink-3 - 29 records received.
12:23:04.535 [Thread for Merger-7] INFO  k.a.generic.sink.NullSink:NullSink-3 - 29 class kieker.model.system.model.ExecutionTrace records received.
12:23:04.535 [Thread for Merger-7] INFO  k.a.generic.sink.NullSink:NullSink-3 - 30 records received.
12:23:04.535 [Thread for Merger-7] INFO  k.a.generic.sink.NullSink:NullSink-3 - 30 class kieker.model.system.model.ExecutionTrace records received.
12:23:04.535 [Thread for Merger-7] INFO  k.a.generic.sink.NullSink:NullSink-3 - 31 records received.
12:23:04.535 [Thread for Merger-7] INFO  k.a.generic.sink.NullSink:NullSink-3 - 31 class kieker.model.system.model.ExecutionTrace records received.
12:23:04.535 [Thread for Merger-7] INFO  k.a.generic.sink.NullSink:NullSink-3 - 32 records received.
12:23:04.535 [Thread for Merger-7] INFO  k.a.generic.sink.NullSink:NullSink-3 - 32 class kieker.model.system.model.ExecutionTrace records received.
12:23:04.535 [Thread for Merger-7] INFO  k.a.generic.sink.NullSink:NullSink-3 - 33 records received.
12:23:04.535 [Thread for Merger-7] INFO  k.a.generic.sink.NullSink:NullSink-3 - 33 class kieker.model.system.model.ExecutionTrace records received.
12:23:04.535 [Thread for Merger-7] INFO  k.a.generic.sink.NullSink:NullSink-3 - 34 records received.
12:23:04.535 [Thread for Merger-7] INFO  k.a.generic.sink.NullSink:NullSink-3 - 34 class kieker.model.system.model.ExecutionTrace records received.
12:23:04.535 [Thread for Merger-7] INFO  k.a.generic.sink.NullSink:NullSink-3 - 35 records received.
12:23:04.535 [Thread for Merger-7] INFO  k.a.generic.sink.NullSink:NullSink-3 - 35 class kieker.model.system.model.ExecutionTrace records received.
12:23:04.535 [Thread for Merger-7] INFO  k.a.generic.sink.NullSink:NullSink-3 - 36 records received.
12:23:04.535 [Thread for Merger-7] INFO  k.a.generic.sink.NullSink:NullSink-3 - 36 class kieker.model.system.model.ExecutionTrace records received.
12:23:04.535 [Thread for Merger-7] INFO  k.a.generic.sink.NullSink:NullSink-3 - 37 records received.
12:23:04.535 [Thread for Merger-7] INFO  k.a.generic.sink.NullSink:NullSink-3 - 37 class kieker.model.system.model.ExecutionTrace records received.
12:23:04.535 [Thread for Merger-7] INFO  k.a.generic.sink.NullSink:NullSink-3 - 38 records received.
12:23:04.535 [Thread for Merger-7] INFO  k.a.generic.sink.NullSink:NullSink-3 - 38 class kieker.model.system.model.ExecutionTrace records received.
12:23:04.535 [Thread for Merger-7] INFO  k.a.generic.sink.NullSink:NullSink-3 - 39 records received.
12:23:04.535 [Thread for Merger-7] INFO  k.a.generic.sink.NullSink:NullSink-3 - 39 class kieker.model.system.model.ExecutionTrace records received.
12:23:04.535 [Thread for Merger-7] INFO  k.a.generic.sink.NullSink:NullSink-3 - 40 records received.
12:23:04.535 [Thread for Merger-7] INFO  k.a.generic.sink.NullSink:NullSink-3 - 40 class kieker.model.system.model.ExecutionTrace records received.
12:23:04.535 [Thread for Merger-7] INFO  k.a.generic.sink.NullSink:NullSink-3 - 41 records received.
12:23:04.535 [Thread for Merger-7] INFO  k.a.generic.sink.NullSink:NullSink-3 - 41 class kieker.model.system.model.ExecutionTrace records received.
12:23:04.535 [Thread for Merger-7] INFO  k.a.generic.sink.NullSink:NullSink-3 - 42 records received.
12:23:04.535 [Thread for Merger-7] INFO  k.a.generic.sink.NullSink:NullSink-3 - 42 class kieker.model.system.model.ExecutionTrace records received.
12:23:04.535 [Thread for Merger-7] INFO  k.a.generic.sink.NullSink:NullSink-3 - 43 records received.
12:23:04.535 [Thread for Merger-7] INFO  k.a.generic.sink.NullSink:NullSink-3 - 43 class kieker.model.system.model.ExecutionTrace records received.
12:23:04.535 [Thread for Merger-7] INFO  k.a.generic.sink.NullSink:NullSink-3 - 44 records received.
12:23:04.536 [Thread for Merger-7] INFO  k.a.generic.sink.NullSink:NullSink-3 - 44 class kieker.model.system.model.ExecutionTrace records received.
12:23:04.536 [Thread for Merger-7] INFO  k.a.generic.sink.NullSink:NullSink-3 - 45 records received.
12:23:04.536 [Thread for Merger-7] INFO  k.a.generic.sink.NullSink:NullSink-3 - 45 class kieker.model.system.model.ExecutionTrace records received.
12:23:04.536 [Thread for Merger-7] INFO  k.a.generic.sink.NullSink:NullSink-3 - 46 records received.
12:23:04.536 [Thread for Merger-7] INFO  k.a.generic.sink.NullSink:NullSink-3 - 46 class kieker.model.system.model.ExecutionTrace records received.
12:23:04.536 [Thread for Merger-7] INFO  k.a.generic.sink.NullSink:NullSink-3 - 47 records received.
12:23:04.536 [Thread for Merger-7] INFO  k.a.generic.sink.NullSink:NullSink-3 - 47 class kieker.model.system.model.ExecutionTrace records received.
12:23:04.536 [Thread for Merger-7] INFO  k.a.generic.sink.NullSink:NullSink-3 - 48 records received.
12:23:04.536 [Thread for Merger-7] INFO  k.a.generic.sink.NullSink:NullSink-3 - 48 class kieker.model.system.model.ExecutionTrace records received.
12:23:04.569 [Thread for Merger-7] INFO  k.a.generic.sink.NullSink:NullSink-3 - 49 records received.
12:23:04.569 [Thread for Merger-7] INFO  k.a.generic.sink.NullSink:NullSink-3 - 49 class kieker.model.system.model.ExecutionTrace records received.
12:23:04.569 [Thread for Merger-7] INFO  k.a.generic.sink.NullSink:NullSink-3 - 50 records received.
12:23:04.569 [Thread for Merger-7] INFO  k.a.generic.sink.NullSink:NullSink-3 - 50 class kieker.model.system.model.ExecutionTrace records received.
12:23:05.323 [Thread for Merger-9] INFO  k.a.generic.sink.NullSink:NullSink-5 - 2 records received.
12:23:05.323 [Thread for Merger-9] INFO  k.a.generic.sink.NullSink:NullSink-5 - 2 class kieker.model.system.model.MessageTrace records received.
12:23:05.462 [Thread for Merger-9] INFO  k.a.generic.sink.NullSink:NullSink-5 - 3 records received.
12:23:05.462 [Thread for Merger-9] INFO  k.a.generic.sink.NullSink:NullSink-5 - 3 class kieker.model.system.model.MessageTrace records received.
12:23:05.602 [Thread for Merger-9] INFO  k.a.generic.sink.NullSink:NullSink-5 - 4 records received.
12:23:05.602 [Thread for Merger-9] INFO  k.a.generic.sink.NullSink:NullSink-5 - 4 class kieker.model.system.model.MessageTrace records received.
12:23:05.636 [Thread for Merger-9] INFO  k.a.generic.sink.NullSink:NullSink-5 - 5 records received.
12:23:05.636 [Thread for Merger-9] INFO  k.a.generic.sink.NullSink:NullSink-5 - 5 class kieker.model.system.model.MessageTrace records received.
12:23:05.671 [Thread for Merger-9] INFO  k.a.generic.sink.NullSink:NullSink-5 - 6 records received.
12:23:05.671 [Thread for Merger-9] INFO  k.a.generic.sink.NullSink:NullSink-5 - 6 class kieker.model.system.model.MessageTrace records received.
12:23:05.707 [Thread for Merger-9] INFO  k.a.generic.sink.NullSink:NullSink-5 - 7 records received.
12:23:05.708 [Thread for Merger-9] INFO  k.a.generic.sink.NullSink:NullSink-5 - 7 class kieker.model.system.model.MessageTrace records received.
12:23:05.744 [Thread for Merger-9] INFO  k.a.generic.sink.NullSink:NullSink-5 - 8 records received.
12:23:05.744 [Thread for Merger-9] INFO  k.a.generic.sink.NullSink:NullSink-5 - 8 class kieker.model.system.model.MessageTrace records received.
12:23:05.778 [Thread for Merger-9] INFO  k.a.generic.sink.NullSink:NullSink-5 - 9 records received.
12:23:05.778 [Thread for Merger-9] INFO  k.a.generic.sink.NullSink:NullSink-5 - 9 class kieker.model.system.model.MessageTrace records received.
12:23:05.929 [Thread for Merger-9] INFO  k.a.generic.sink.NullSink:NullSink-5 - 10 records received.
12:23:05.929 [Thread for Merger-9] INFO  k.a.generic.sink.NullSink:NullSink-5 - 10 class kieker.model.system.model.MessageTrace records received.
12:23:05.963 [Thread for Merger-9] INFO  k.a.generic.sink.NullSink:NullSink-5 - 11 records received.
12:23:05.963 [Thread for Merger-9] INFO  k.a.generic.sink.NullSink:NullSink-5 - 11 class kieker.model.system.model.MessageTrace records received.
12:23:05.998 [Thread for Merger-9] INFO  k.a.generic.sink.NullSink:NullSink-5 - 12 records received.
12:23:05.998 [Thread for Merger-9] INFO  k.a.generic.sink.NullSink:NullSink-5 - 12 class kieker.model.system.model.MessageTrace records received.
12:23:06.030 [Thread for Merger-9] INFO  k.a.generic.sink.NullSink:NullSink-5 - 13 records received.
12:23:06.030 [Thread for Merger-9] INFO  k.a.generic.sink.NullSink:NullSink-5 - 13 class kieker.model.system.model.MessageTrace records received.
12:23:06.065 [Thread for Merger-9] INFO  k.a.generic.sink.NullSink:NullSink-5 - 14 records received.
12:23:06.065 [Thread for Merger-9] INFO  k.a.generic.sink.NullSink:NullSink-5 - 14 class kieker.model.system.model.MessageTrace records received.
12:23:06.098 [Thread for Merger-9] INFO  k.a.generic.sink.NullSink:NullSink-5 - 15 records received.
12:23:06.099 [Thread for Merger-9] INFO  k.a.generic.sink.NullSink:NullSink-5 - 15 class kieker.model.system.model.MessageTrace records received.
12:23:06.131 [Thread for Merger-9] INFO  k.a.generic.sink.NullSink:NullSink-5 - 16 records received.
12:23:06.131 [Thread for Merger-9] INFO  k.a.generic.sink.NullSink:NullSink-5 - 16 class kieker.model.system.model.MessageTrace records received.
12:23:06.164 [Thread for Merger-9] INFO  k.a.generic.sink.NullSink:NullSink-5 - 17 records received.
12:23:06.164 [Thread for Merger-9] INFO  k.a.generic.sink.NullSink:NullSink-5 - 17 class kieker.model.system.model.MessageTrace records received.
12:23:06.197 [Thread for Merger-9] INFO  k.a.generic.sink.NullSink:NullSink-5 - 18 records received.
12:23:06.197 [Thread for Merger-9] INFO  k.a.generic.sink.NullSink:NullSink-5 - 18 class kieker.model.system.model.MessageTrace records received.
12:23:06.232 [Thread for Merger-9] INFO  k.a.generic.sink.NullSink:NullSink-5 - 19 records received.
12:23:06.233 [Thread for Merger-9] INFO  k.a.generic.sink.NullSink:NullSink-5 - 19 class kieker.model.system.model.MessageTrace records received.
12:23:06.269 [Thread for Merger-9] INFO  k.a.generic.sink.NullSink:NullSink-5 - 20 records received.
12:23:06.270 [Thread for Merger-9] INFO  k.a.generic.sink.NullSink:NullSink-5 - 20 class kieker.model.system.model.MessageTrace records received.
12:23:06.307 [Thread for Merger-9] INFO  k.a.generic.sink.NullSink:NullSink-5 - 21 records received.
12:23:06.307 [Thread for Merger-9] INFO  k.a.generic.sink.NullSink:NullSink-5 - 21 class kieker.model.system.model.MessageTrace records received.
12:23:06.345 [Thread for Merger-9] INFO  k.a.generic.sink.NullSink:NullSink-5 - 22 records received.
12:23:06.345 [Thread for Merger-9] INFO  k.a.generic.sink.NullSink:NullSink-5 - 22 class kieker.model.system.model.MessageTrace records received.
12:23:06.390 [Thread for Merger-9] INFO  k.a.generic.sink.NullSink:NullSink-5 - 23 records received.
12:23:06.390 [Thread for Merger-9] INFO  k.a.generic.sink.NullSink:NullSink-5 - 23 class kieker.model.system.model.MessageTrace records received.
12:23:06.425 [Thread for Merger-9] INFO  k.a.generic.sink.NullSink:NullSink-5 - 24 records received.
12:23:06.425 [Thread for Merger-9] INFO  k.a.generic.sink.NullSink:NullSink-5 - 24 class kieker.model.system.model.MessageTrace records received.
12:23:06.463 [Thread for Merger-9] INFO  k.a.generic.sink.NullSink:NullSink-5 - 25 records received.
12:23:06.463 [Thread for Merger-9] INFO  k.a.generic.sink.NullSink:NullSink-5 - 25 class kieker.model.system.model.MessageTrace records received.
12:23:06.501 [Thread for Merger-9] INFO  k.a.generic.sink.NullSink:NullSink-5 - 26 records received.
12:23:06.501 [Thread for Merger-9] INFO  k.a.generic.sink.NullSink:NullSink-5 - 26 class kieker.model.system.model.MessageTrace records received.
12:23:06.537 [Thread for Merger-9] INFO  k.a.generic.sink.NullSink:NullSink-5 - 27 records received.
12:23:06.537 [Thread for Merger-9] INFO  k.a.generic.sink.NullSink:NullSink-5 - 27 class kieker.model.system.model.MessageTrace records received.
12:23:06.571 [Thread for Merger-9] INFO  k.a.generic.sink.NullSink:NullSink-5 - 28 records received.
12:23:06.571 [Thread for Merger-9] INFO  k.a.generic.sink.NullSink:NullSink-5 - 28 class kieker.model.system.model.MessageTrace records received.
12:23:06.606 [Thread for Merger-9] INFO  k.a.generic.sink.NullSink:NullSink-5 - 29 records received.
12:23:06.606 [Thread for Merger-9] INFO  k.a.generic.sink.NullSink:NullSink-5 - 29 class kieker.model.system.model.MessageTrace records received.
12:23:06.639 [Thread for Merger-9] INFO  k.a.generic.sink.NullSink:NullSink-5 - 30 records received.
12:23:06.639 [Thread for Merger-9] INFO  k.a.generic.sink.NullSink:NullSink-5 - 30 class kieker.model.system.model.MessageTrace records received.
12:23:06.780 [Thread for Merger-9] INFO  k.a.generic.sink.NullSink:NullSink-5 - 31 records received.
12:23:06.780 [Thread for Merger-9] INFO  k.a.generic.sink.NullSink:NullSink-5 - 31 class kieker.model.system.model.MessageTrace records received.
12:23:06.838 [Thread for Merger-9] INFO  k.a.generic.sink.NullSink:NullSink-5 - 32 records received.
12:23:06.839 [Thread for Merger-9] INFO  k.a.generic.sink.NullSink:NullSink-5 - 32 class kieker.model.system.model.MessageTrace records received.
12:23:06.877 [Thread for Merger-9] INFO  k.a.generic.sink.NullSink:NullSink-5 - 33 records received.
12:23:06.877 [Thread for Merger-9] INFO  k.a.generic.sink.NullSink:NullSink-5 - 33 class kieker.model.system.model.MessageTrace records received.
12:23:06.911 [Thread for Merger-9] INFO  k.a.generic.sink.NullSink:NullSink-5 - 34 records received.
12:23:06.912 [Thread for Merger-9] INFO  k.a.generic.sink.NullSink:NullSink-5 - 34 class kieker.model.system.model.MessageTrace records received.
12:23:06.947 [Thread for Merger-9] INFO  k.a.generic.sink.NullSink:NullSink-5 - 35 records received.
12:23:06.947 [Thread for Merger-9] INFO  k.a.generic.sink.NullSink:NullSink-5 - 35 class kieker.model.system.model.MessageTrace records received.
12:23:06.983 [Thread for Merger-9] INFO  k.a.generic.sink.NullSink:NullSink-5 - 36 records received.
12:23:06.983 [Thread for Merger-9] INFO  k.a.generic.sink.NullSink:NullSink-5 - 36 class kieker.model.system.model.MessageTrace records received.
12:23:07.020 [Thread for Merger-9] INFO  k.a.generic.sink.NullSink:NullSink-5 - 37 records received.
12:23:07.020 [Thread for Merger-9] INFO  k.a.generic.sink.NullSink:NullSink-5 - 37 class kieker.model.system.model.MessageTrace records received.
12:23:07.056 [Thread for Merger-9] INFO  k.a.generic.sink.NullSink:NullSink-5 - 38 records received.
12:23:07.056 [Thread for Merger-9] INFO  k.a.generic.sink.NullSink:NullSink-5 - 38 class kieker.model.system.model.MessageTrace records received.
12:23:07.090 [Thread for Merger-9] INFO  k.a.generic.sink.NullSink:NullSink-5 - 39 records received.
12:23:07.090 [Thread for Merger-9] INFO  k.a.generic.sink.NullSink:NullSink-5 - 39 class kieker.model.system.model.MessageTrace records received.
12:23:07.131 [Thread for Merger-9] INFO  k.a.generic.sink.NullSink:NullSink-5 - 40 records received.
12:23:07.131 [Thread for Merger-9] INFO  k.a.generic.sink.NullSink:NullSink-5 - 40 class kieker.model.system.model.MessageTrace records received.
12:23:07.280 [Thread for Merger-9] INFO  k.a.generic.sink.NullSink:NullSink-5 - 41 records received.
12:23:07.281 [Thread for Merger-9] INFO  k.a.generic.sink.NullSink:NullSink-5 - 41 class kieker.model.system.model.MessageTrace records received.
12:23:07.313 [Thread for Merger-9] INFO  k.a.generic.sink.NullSink:NullSink-5 - 42 records received.
12:23:07.313 [Thread for Merger-9] INFO  k.a.generic.sink.NullSink:NullSink-5 - 42 class kieker.model.system.model.MessageTrace records received.
12:23:07.346 [Thread for Merger-9] INFO  k.a.generic.sink.NullSink:NullSink-5 - 43 records received.
12:23:07.346 [Thread for Merger-9] INFO  k.a.generic.sink.NullSink:NullSink-5 - 43 class kieker.model.system.model.MessageTrace records received.
12:23:07.379 [Thread for Merger-9] INFO  k.a.generic.sink.NullSink:NullSink-5 - 44 records received.
12:23:07.380 [Thread for Merger-9] INFO  k.a.generic.sink.NullSink:NullSink-5 - 44 class kieker.model.system.model.MessageTrace records received.
12:23:07.417 [Thread for Merger-9] INFO  k.a.generic.sink.NullSink:NullSink-5 - 45 records received.
12:23:07.417 [Thread for Merger-9] INFO  k.a.generic.sink.NullSink:NullSink-5 - 45 class kieker.model.system.model.MessageTrace records received.
12:23:07.453 [Thread for Merger-9] INFO  k.a.generic.sink.NullSink:NullSink-5 - 46 records received.
12:23:07.453 [Thread for Merger-9] INFO  k.a.generic.sink.NullSink:NullSink-5 - 46 class kieker.model.system.model.MessageTrace records received.
12:23:07.485 [Thread for Merger-9] INFO  k.a.generic.sink.NullSink:NullSink-5 - 47 records received.
12:23:07.486 [Thread for Merger-9] INFO  k.a.generic.sink.NullSink:NullSink-5 - 47 class kieker.model.system.model.MessageTrace records received.
12:23:08.303 [Thread for Merger-9] WARN  t.f.e.TerminatingExceptionListener - Exception occurred in PlantUMLFileGenerator-1
java.lang.UnsupportedOperationException: PDF
	at net.atmp.ImageBuilder.createUGraphic(ImageBuilder.java:408)
	at net.atmp.ImageBuilder.writeImageInternal(ImageBuilder.java:262)
	at net.atmp.ImageBuilder.write(ImageBuilder.java:238)
	at net.sourceforge.plantuml.directdot.PSystemDot.exportDiagramNow(PSystemDot.java:89)
	at net.sourceforge.plantuml.AbstractPSystem.exportDiagram(AbstractPSystem.java:216)
	at net.sourceforge.plantuml.SourceStringReader.outputImage(SourceStringReader.java:189)
	at net.sourceforge.plantuml.SourceStringReader.outputImage(SourceStringReader.java:147)
	at kieker.visualization.trace.plantuml.PlantUMLFileGenerator.generateImage(PlantUMLFileGenerator.java:111)
	at kieker.visualization.trace.plantuml.PlantUMLFileGenerator.generate(PlantUMLFileGenerator.java:92)
	at kieker.visualization.trace.plantuml.PlantUMLFileGenerator.execute(PlantUMLFileGenerator.java:83)
	at kieker.visualization.trace.plantuml.PlantUMLFileGenerator.execute(PlantUMLFileGenerator.java:46)
	at teetime.framework.AbstractConsumerStage.execute(AbstractConsumerStage.java:50)
	at teetime.framework.AbstractStage.executeWithCatchedExceptions(AbstractStage.java:220)
	at teetime.framework.AbstractStage.executeByFramework(AbstractStage.java:214)
	at teetime.framework.scheduling.pushpullmodel.A3PipeInstantiation.onElementAdded(A3PipeInstantiation.java:99)
	at teetime.framework.pipe.UnsynchedPipe.add(UnsynchedPipe.java:38)
	at teetime.framework.OutputPort.send(OutputPort.java:54)
	at kieker.visualization.trace.call.tree.plantuml.PlantUMLTraceCallTreeFilter.execute(PlantUMLTraceCallTreeFilter.java:111)
	at kieker.visualization.trace.call.tree.plantuml.PlantUMLTraceCallTreeFilter.execute(PlantUMLTraceCallTreeFilter.java:48)
	at teetime.framework.AbstractConsumerStage.execute(AbstractConsumerStage.java:50)
	at teetime.framework.AbstractStage.executeWithCatchedExceptions(AbstractStage.java:220)
	at teetime.framework.AbstractStage.executeByFramework(AbstractStage.java:214)
	at teetime.framework.scheduling.pushpullmodel.A3PipeInstantiation.onElementAdded(A3PipeInstantiation.java:99)
	at teetime.framework.pipe.UnsynchedPipe.add(UnsynchedPipe.java:38)
	at teetime.framework.OutputPort.send(OutputPort.java:54)
	at teetime.stage.basic.distributor.strategy.CopyByReferenceStrategy.distribute(CopyByReferenceStrategy.java:33)
	at teetime.stage.basic.distributor.Distributor.execute(Distributor.java:72)
	at teetime.framework.AbstractConsumerStage.execute(AbstractConsumerStage.java:50)
	at teetime.framework.AbstractStage.executeWithCatchedExceptions(AbstractStage.java:220)
	at teetime.framework.AbstractStage.executeByFramework(AbstractStage.java:214)
	at teetime.framework.scheduling.pushpullmodel.A3PipeInstantiation.onElementAdded(A3PipeInstantiation.java:99)
	at teetime.framework.pipe.UnsynchedPipe.add(UnsynchedPipe.java:38)
	at teetime.framework.OutputPort.send(OutputPort.java:54)
	at teetime.stage.basic.merger.Merger.execute(Merger.java:84)
	at teetime.framework.AbstractStage.executeWithCatchedExceptions(AbstractStage.java:220)
	at teetime.framework.AbstractStage.executeByFramework(AbstractStage.java:214)
	at teetime.framework.StageFacade.runStage(StageFacade.java:76)
	at teetime.framework.scheduling.pushpullmodel.AbstractRunnableStage.run(AbstractRunnableStage.java:56)
	at java.base/java.lang.Thread.run(Unknown Source)
	at teetime.framework.scheduling.pushpullmodel.TeeTimeThread.run(TeeTimeThread.java:46)
12:23:08.423 [Thread for Merger-9] ERROR k.v.t.plantuml.PlantUMLFileGenerator - Failed to merge PDF files
java.io.IOException: Error: End-of-File, expected line at offset 195
	at org.apache.pdfbox.pdfparser.BaseParser.readLine(BaseParser.java:1108)
	at org.apache.pdfbox.pdfparser.COSParser.parseHeader(COSParser.java:2650)
	at org.apache.pdfbox.pdfparser.COSParser.parsePDFHeader(COSParser.java:2629)
	at org.apache.pdfbox.pdfparser.PDFParser.parse(PDFParser.java:219)
	at org.apache.pdfbox.pdmodel.PDDocument.load(PDDocument.java:1109)
	at org.apache.pdfbox.pdmodel.PDDocument.load(PDDocument.java:1092)
	at org.apache.pdfbox.pdmodel.PDDocument.load(PDDocument.java:1016)
	at org.apache.pdfbox.multipdf.PDFMergerUtility.legacyMergeDocuments(PDFMergerUtility.java:453)
	at org.apache.pdfbox.multipdf.PDFMergerUtility.mergeDocuments(PDFMergerUtility.java:347)
	at kieker.visualization.trace.plantuml.PlantUMLFileGenerator.mergePdfFiles(PlantUMLFileGenerator.java:163)
	at kieker.visualization.trace.plantuml.PlantUMLFileGenerator.onTerminating(PlantUMLFileGenerator.java:119)
	at teetime.framework.StageFacade.onTerminating(StageFacade.java:130)
	at teetime.framework.signal.TerminatingSignal.trigger(TerminatingSignal.java:29)
	at teetime.framework.AbstractStage.onSignal(AbstractStage.java:350)
	at teetime.framework.pipe.AbstractUnsynchedPipe.sendSignal(AbstractUnsynchedPipe.java:42)
	at teetime.framework.OutputPort.sendSignal(OutputPort.java:81)
	at teetime.framework.AbstractStage.onSignal(AbstractStage.java:353)
	at teetime.framework.pipe.AbstractUnsynchedPipe.sendSignal(AbstractUnsynchedPipe.java:42)
	at teetime.framework.OutputPort.sendSignal(OutputPort.java:81)
	at teetime.framework.AbstractStage.onSignal(AbstractStage.java:353)
	at teetime.framework.pipe.AbstractUnsynchedPipe.sendSignal(AbstractUnsynchedPipe.java:42)
	at teetime.framework.OutputPort.sendSignal(OutputPort.java:81)
	at teetime.framework.AbstractStage.onSignal(AbstractStage.java:353)
	at teetime.framework.scheduling.pushpullmodel.RunnableConsumerStage.afterStageExecution(RunnableConsumerStage.java:48)
	at teetime.framework.scheduling.pushpullmodel.AbstractRunnableStage.run(AbstractRunnableStage.java:61)
	at java.base/java.lang.Thread.run(Unknown Source)
	at teetime.framework.scheduling.pushpullmodel.TeeTimeThread.run(TeeTimeThread.java:46)
12:23:08.423 [Thread for Merger-9] ERROR teetime.stage.basic.merger.Merger - Terminating thread due to the following exception: 
java.lang.IllegalStateException: Illegal state change from TERMINATED to TERMINATING
	at teetime.framework.AbstractStage.changeState(AbstractStage.java:398)
	at teetime.framework.AbstractStage.terminateStageByFramework(AbstractStage.java:679)
	at teetime.framework.AbstractStage.abort(AbstractStage.java:683)
	at teetime.framework.StageFacade.abort(StageFacade.java:38)
	at teetime.framework.scheduling.pushpullmodel.PushPullScheduling.abortStages(PushPullScheduling.java:196)
	at teetime.framework.scheduling.pushpullmodel.PushPullScheduling.onTerminate(PushPullScheduling.java:190)
	at teetime.framework.StageFacade.runStage(StageFacade.java:80)
	at teetime.framework.scheduling.pushpullmodel.AbstractRunnableStage.run(AbstractRunnableStage.java:56)
	at java.base/java.lang.Thread.run(Unknown Source)
	at teetime.framework.scheduling.pushpullmodel.TeeTimeThread.run(TeeTimeThread.java:46)
12:26:47.247 [Thread-5] INFO  t.f.s.p.A3PipeInstantiation - Unconnected port teetime.framework.OutputPort@6df9fdf1 in stage DynamicEventDispatcher-2
12:26:47.247 [Thread-5] INFO  t.f.s.p.A3PipeInstantiation - Unconnected port teetime.framework.OutputPort@7b08a9b3 in stage TraceIdFilter-2
12:26:47.247 [Thread-5] INFO  t.f.s.p.A3PipeInstantiation - Unconnected port teetime.framework.OutputPort@526abd0b in stage Merger-11
12:26:47.247 [Thread-5] INFO  t.f.s.p.A3PipeInstantiation - Unconnected port teetime.framework.OutputPort@4809b807 in stage InstanceOfFilter-11
12:26:47.247 [Thread-5] WARN  k.a.a.t.TraceIdFilter:TraceIdFilter-2 - Received more than one signal - teetime.framework.signal.ValidatingSignal@6591a808 - from input port: teetime.framework.InputPort@3bba70df
12:26:47.248 [Thread-5] WARN  k.a.a.t.TraceIdFilter:TraceIdFilter-2 - Received more than one signal - teetime.framework.signal.ValidatingSignal@6591a808 - from input port: teetime.framework.InputPort@3bba70df
12:26:47.248 [Thread-5] WARN  k.a.a.t.TraceIdFilter:TraceIdFilter-2 - Received more than one signal - teetime.framework.signal.ValidatingSignal@6591a808 - from input port: teetime.framework.InputPort@3bba70df
12:26:47.678 [Thread for KiekerDirectoryScannerStage-2] INFO  k.a.g.DynamicEventDispatcher:DynamicEventDispatcher-2 - Records processed in total 0.
12:26:47.678 [Thread for Merger-12] INFO  k.a.generic.sink.NullSink:NullSink-6 - 1 records received.
12:26:47.678 [Thread for Merger-14] INFO  k.a.generic.sink.NullSink:NullSink-8 - 1 records received.
12:26:47.678 [Thread for Merger-12] INFO  k.a.generic.sink.NullSink:NullSink-6 - 1 class kieker.model.system.model.ExecutionTrace records received.
12:26:47.678 [Thread for Merger-14] INFO  k.a.generic.sink.NullSink:NullSink-8 - 1 class kieker.model.system.model.MessageTrace records received.
12:26:47.678 [Thread for Merger-12] INFO  k.a.generic.sink.NullSink:NullSink-6 - 2 records received.
12:26:47.678 [Thread for Merger-12] INFO  k.a.generic.sink.NullSink:NullSink-6 - 2 class kieker.model.system.model.ExecutionTrace records received.
12:26:47.678 [Thread for Merger-12] INFO  k.a.generic.sink.NullSink:NullSink-6 - 3 records received.
12:26:47.678 [Thread for Merger-12] INFO  k.a.generic.sink.NullSink:NullSink-6 - 3 class kieker.model.system.model.ExecutionTrace records received.
12:26:47.679 [Thread for Merger-12] INFO  k.a.generic.sink.NullSink:NullSink-6 - 4 records received.
12:26:47.679 [Thread for Merger-12] INFO  k.a.generic.sink.NullSink:NullSink-6 - 4 class kieker.model.system.model.ExecutionTrace records received.
12:26:47.679 [Thread for Merger-12] INFO  k.a.generic.sink.NullSink:NullSink-6 - 5 records received.
12:26:47.679 [Thread for Merger-12] INFO  k.a.generic.sink.NullSink:NullSink-6 - 5 class kieker.model.system.model.ExecutionTrace records received.
12:26:47.679 [Thread for Merger-12] INFO  k.a.generic.sink.NullSink:NullSink-6 - 6 records received.
12:26:47.679 [Thread for Merger-12] INFO  k.a.generic.sink.NullSink:NullSink-6 - 6 class kieker.model.system.model.ExecutionTrace records received.
12:26:47.679 [Thread for Merger-12] INFO  k.a.generic.sink.NullSink:NullSink-6 - 7 records received.
12:26:47.679 [Thread for Merger-12] INFO  k.a.generic.sink.NullSink:NullSink-6 - 7 class kieker.model.system.model.ExecutionTrace records received.
12:26:47.679 [Thread for Merger-12] INFO  k.a.generic.sink.NullSink:NullSink-6 - 8 records received.
12:26:47.679 [Thread for Merger-12] INFO  k.a.generic.sink.NullSink:NullSink-6 - 8 class kieker.model.system.model.ExecutionTrace records received.
12:26:47.679 [Thread for Merger-12] INFO  k.a.generic.sink.NullSink:NullSink-6 - 9 records received.
12:26:47.679 [Thread for Merger-12] INFO  k.a.generic.sink.NullSink:NullSink-6 - 9 class kieker.model.system.model.ExecutionTrace records received.
12:26:47.679 [Thread for Merger-12] INFO  k.a.generic.sink.NullSink:NullSink-6 - 10 records received.
12:26:47.679 [Thread for Merger-12] INFO  k.a.generic.sink.NullSink:NullSink-6 - 10 class kieker.model.system.model.ExecutionTrace records received.
12:26:47.679 [Thread for Merger-12] INFO  k.a.generic.sink.NullSink:NullSink-6 - 11 records received.
12:26:47.679 [Thread for Merger-12] INFO  k.a.generic.sink.NullSink:NullSink-6 - 11 class kieker.model.system.model.ExecutionTrace records received.
12:26:47.679 [Thread for Merger-12] INFO  k.a.generic.sink.NullSink:NullSink-6 - 12 records received.
12:26:47.679 [Thread for Merger-12] INFO  k.a.generic.sink.NullSink:NullSink-6 - 12 class kieker.model.system.model.ExecutionTrace records received.
12:26:47.679 [Thread for Merger-12] INFO  k.a.generic.sink.NullSink:NullSink-6 - 13 records received.
12:26:47.679 [Thread for Merger-12] INFO  k.a.generic.sink.NullSink:NullSink-6 - 13 class kieker.model.system.model.ExecutionTrace records received.
12:26:47.679 [Thread for Merger-12] INFO  k.a.generic.sink.NullSink:NullSink-6 - 14 records received.
12:26:47.679 [Thread for Merger-12] INFO  k.a.generic.sink.NullSink:NullSink-6 - 14 class kieker.model.system.model.ExecutionTrace records received.
12:26:47.679 [Thread for Merger-12] INFO  k.a.generic.sink.NullSink:NullSink-6 - 15 records received.
12:26:47.679 [Thread for Merger-12] INFO  k.a.generic.sink.NullSink:NullSink-6 - 15 class kieker.model.system.model.ExecutionTrace records received.
12:26:47.680 [Thread for Merger-12] INFO  k.a.generic.sink.NullSink:NullSink-6 - 16 records received.
12:26:47.680 [Thread for Merger-12] INFO  k.a.generic.sink.NullSink:NullSink-6 - 16 class kieker.model.system.model.ExecutionTrace records received.
12:26:47.680 [Thread for Merger-12] INFO  k.a.generic.sink.NullSink:NullSink-6 - 17 records received.
12:26:47.680 [Thread for Merger-12] INFO  k.a.generic.sink.NullSink:NullSink-6 - 17 class kieker.model.system.model.ExecutionTrace records received.
12:26:47.680 [Thread for Merger-12] INFO  k.a.generic.sink.NullSink:NullSink-6 - 18 records received.
12:26:47.680 [Thread for Merger-12] INFO  k.a.generic.sink.NullSink:NullSink-6 - 18 class kieker.model.system.model.ExecutionTrace records received.
12:26:47.680 [Thread for Merger-12] INFO  k.a.generic.sink.NullSink:NullSink-6 - 19 records received.
12:26:47.680 [Thread for Merger-12] INFO  k.a.generic.sink.NullSink:NullSink-6 - 19 class kieker.model.system.model.ExecutionTrace records received.
12:26:47.680 [Thread for Merger-12] INFO  k.a.generic.sink.NullSink:NullSink-6 - 20 records received.
12:26:47.680 [Thread for Merger-12] INFO  k.a.generic.sink.NullSink:NullSink-6 - 20 class kieker.model.system.model.ExecutionTrace records received.
12:26:47.680 [Thread for Merger-12] INFO  k.a.generic.sink.NullSink:NullSink-6 - 21 records received.
12:26:47.680 [Thread for Merger-12] INFO  k.a.generic.sink.NullSink:NullSink-6 - 21 class kieker.model.system.model.ExecutionTrace records received.
12:26:47.680 [Thread for Merger-12] INFO  k.a.generic.sink.NullSink:NullSink-6 - 22 records received.
12:26:47.680 [Thread for Merger-12] INFO  k.a.generic.sink.NullSink:NullSink-6 - 22 class kieker.model.system.model.ExecutionTrace records received.
12:26:47.680 [Thread for Merger-12] INFO  k.a.generic.sink.NullSink:NullSink-6 - 23 records received.
12:26:47.680 [Thread for Merger-12] INFO  k.a.generic.sink.NullSink:NullSink-6 - 23 class kieker.model.system.model.ExecutionTrace records received.
12:26:47.680 [Thread for Merger-12] INFO  k.a.generic.sink.NullSink:NullSink-6 - 24 records received.
12:26:47.680 [Thread for Merger-12] INFO  k.a.generic.sink.NullSink:NullSink-6 - 24 class kieker.model.system.model.ExecutionTrace records received.
12:26:47.680 [Thread for Merger-12] INFO  k.a.generic.sink.NullSink:NullSink-6 - 25 records received.
12:26:47.680 [Thread for Merger-12] INFO  k.a.generic.sink.NullSink:NullSink-6 - 25 class kieker.model.system.model.ExecutionTrace records received.
12:26:47.680 [Thread for Merger-12] INFO  k.a.generic.sink.NullSink:NullSink-6 - 26 records received.
12:26:47.680 [Thread for Merger-12] INFO  k.a.generic.sink.NullSink:NullSink-6 - 26 class kieker.model.system.model.ExecutionTrace records received.
12:26:47.680 [Thread for Merger-12] INFO  k.a.generic.sink.NullSink:NullSink-6 - 27 records received.
12:26:47.680 [Thread for Merger-12] INFO  k.a.generic.sink.NullSink:NullSink-6 - 27 class kieker.model.system.model.ExecutionTrace records received.
12:26:47.680 [Thread for Merger-12] INFO  k.a.generic.sink.NullSink:NullSink-6 - 28 records received.
12:26:47.680 [Thread for Merger-12] INFO  k.a.generic.sink.NullSink:NullSink-6 - 28 class kieker.model.system.model.ExecutionTrace records received.
12:26:47.680 [Thread for Merger-12] INFO  k.a.generic.sink.NullSink:NullSink-6 - 29 records received.
12:26:47.680 [Thread for Merger-12] INFO  k.a.generic.sink.NullSink:NullSink-6 - 29 class kieker.model.system.model.ExecutionTrace records received.
12:26:47.680 [Thread for Merger-12] INFO  k.a.generic.sink.NullSink:NullSink-6 - 30 records received.
12:26:47.680 [Thread for Merger-12] INFO  k.a.generic.sink.NullSink:NullSink-6 - 30 class kieker.model.system.model.ExecutionTrace records received.
12:26:47.680 [Thread for Merger-12] INFO  k.a.generic.sink.NullSink:NullSink-6 - 31 records received.
12:26:47.680 [Thread for Merger-12] INFO  k.a.generic.sink.NullSink:NullSink-6 - 31 class kieker.model.system.model.ExecutionTrace records received.
12:26:47.680 [Thread for Merger-12] INFO  k.a.generic.sink.NullSink:NullSink-6 - 32 records received.
12:26:47.680 [Thread for Merger-12] INFO  k.a.generic.sink.NullSink:NullSink-6 - 32 class kieker.model.system.model.ExecutionTrace records received.
12:26:47.680 [Thread for Merger-12] INFO  k.a.generic.sink.NullSink:NullSink-6 - 33 records received.
12:26:47.680 [Thread for Merger-12] INFO  k.a.generic.sink.NullSink:NullSink-6 - 33 class kieker.model.system.model.ExecutionTrace records received.
12:26:47.680 [Thread for Merger-12] INFO  k.a.generic.sink.NullSink:NullSink-6 - 34 records received.
12:26:47.680 [Thread for Merger-12] INFO  k.a.generic.sink.NullSink:NullSink-6 - 34 class kieker.model.system.model.ExecutionTrace records received.
12:26:47.680 [Thread for Merger-12] INFO  k.a.generic.sink.NullSink:NullSink-6 - 35 records received.
12:26:47.680 [Thread for Merger-12] INFO  k.a.generic.sink.NullSink:NullSink-6 - 35 class kieker.model.system.model.ExecutionTrace records received.
12:26:47.680 [Thread for Merger-12] INFO  k.a.generic.sink.NullSink:NullSink-6 - 36 records received.
12:26:47.680 [Thread for Merger-12] INFO  k.a.generic.sink.NullSink:NullSink-6 - 36 class kieker.model.system.model.ExecutionTrace records received.
12:26:47.680 [Thread for Merger-12] INFO  k.a.generic.sink.NullSink:NullSink-6 - 37 records received.
12:26:47.680 [Thread for Merger-12] INFO  k.a.generic.sink.NullSink:NullSink-6 - 37 class kieker.model.system.model.ExecutionTrace records received.
12:26:47.680 [Thread for Merger-12] INFO  k.a.generic.sink.NullSink:NullSink-6 - 38 records received.
12:26:47.680 [Thread for Merger-12] INFO  k.a.generic.sink.NullSink:NullSink-6 - 38 class kieker.model.system.model.ExecutionTrace records received.
12:26:47.680 [Thread for Merger-12] INFO  k.a.generic.sink.NullSink:NullSink-6 - 39 records received.
12:26:47.680 [Thread for Merger-12] INFO  k.a.generic.sink.NullSink:NullSink-6 - 39 class kieker.model.system.model.ExecutionTrace records received.
12:26:47.680 [Thread for Merger-12] INFO  k.a.generic.sink.NullSink:NullSink-6 - 40 records received.
12:26:47.681 [Thread for Merger-12] INFO  k.a.generic.sink.NullSink:NullSink-6 - 40 class kieker.model.system.model.ExecutionTrace records received.
12:26:47.681 [Thread for Merger-12] INFO  k.a.generic.sink.NullSink:NullSink-6 - 41 records received.
12:26:47.681 [Thread for Merger-12] INFO  k.a.generic.sink.NullSink:NullSink-6 - 41 class kieker.model.system.model.ExecutionTrace records received.
12:26:47.681 [Thread for Merger-12] INFO  k.a.generic.sink.NullSink:NullSink-6 - 42 records received.
12:26:47.681 [Thread for Merger-12] INFO  k.a.generic.sink.NullSink:NullSink-6 - 42 class kieker.model.system.model.ExecutionTrace records received.
12:26:47.681 [Thread for Merger-12] INFO  k.a.generic.sink.NullSink:NullSink-6 - 43 records received.
12:26:47.681 [Thread for Merger-12] INFO  k.a.generic.sink.NullSink:NullSink-6 - 43 class kieker.model.system.model.ExecutionTrace records received.
12:26:47.681 [Thread for Merger-12] INFO  k.a.generic.sink.NullSink:NullSink-6 - 44 records received.
12:26:47.681 [Thread for Merger-12] INFO  k.a.generic.sink.NullSink:NullSink-6 - 44 class kieker.model.system.model.ExecutionTrace records received.
12:26:47.681 [Thread for Merger-12] INFO  k.a.generic.sink.NullSink:NullSink-6 - 45 records received.
12:26:47.681 [Thread for Merger-12] INFO  k.a.generic.sink.NullSink:NullSink-6 - 45 class kieker.model.system.model.ExecutionTrace records received.
12:26:47.681 [Thread for Merger-12] INFO  k.a.generic.sink.NullSink:NullSink-6 - 46 records received.
12:26:47.681 [Thread for Merger-12] INFO  k.a.generic.sink.NullSink:NullSink-6 - 46 class kieker.model.system.model.ExecutionTrace records received.
12:26:47.681 [Thread for Merger-12] INFO  k.a.generic.sink.NullSink:NullSink-6 - 47 records received.
12:26:47.681 [Thread for Merger-12] INFO  k.a.generic.sink.NullSink:NullSink-6 - 47 class kieker.model.system.model.ExecutionTrace records received.
12:26:47.681 [Thread for Merger-12] INFO  k.a.generic.sink.NullSink:NullSink-6 - 48 records received.
12:26:47.681 [Thread for Merger-12] INFO  k.a.generic.sink.NullSink:NullSink-6 - 48 class kieker.model.system.model.ExecutionTrace records received.
12:26:47.690 [Thread for Merger-12] INFO  k.a.generic.sink.NullSink:NullSink-6 - 49 records received.
12:26:47.690 [Thread for Merger-12] INFO  k.a.generic.sink.NullSink:NullSink-6 - 49 class kieker.model.system.model.ExecutionTrace records received.
12:26:47.690 [Thread for Merger-12] INFO  k.a.generic.sink.NullSink:NullSink-6 - 50 records received.
12:26:47.690 [Thread for Merger-12] INFO  k.a.generic.sink.NullSink:NullSink-6 - 50 class kieker.model.system.model.ExecutionTrace records received.
12:26:47.724 [Thread for Merger-14] INFO  k.a.generic.sink.NullSink:NullSink-8 - 2 records received.
12:26:47.724 [Thread for Merger-14] INFO  k.a.generic.sink.NullSink:NullSink-8 - 2 class kieker.model.system.model.MessageTrace records received.
12:26:47.770 [Thread for Merger-14] INFO  k.a.generic.sink.NullSink:NullSink-8 - 3 records received.
12:26:47.770 [Thread for Merger-14] INFO  k.a.generic.sink.NullSink:NullSink-8 - 3 class kieker.model.system.model.MessageTrace records received.
12:26:47.802 [Thread for Merger-14] INFO  k.a.generic.sink.NullSink:NullSink-8 - 4 records received.
12:26:47.803 [Thread for Merger-14] INFO  k.a.generic.sink.NullSink:NullSink-8 - 4 class kieker.model.system.model.MessageTrace records received.
12:26:47.835 [Thread for Merger-14] INFO  k.a.generic.sink.NullSink:NullSink-8 - 5 records received.
12:26:47.835 [Thread for Merger-14] INFO  k.a.generic.sink.NullSink:NullSink-8 - 5 class kieker.model.system.model.MessageTrace records received.
12:26:47.866 [Thread for Merger-14] INFO  k.a.generic.sink.NullSink:NullSink-8 - 6 records received.
12:26:47.866 [Thread for Merger-14] INFO  k.a.generic.sink.NullSink:NullSink-8 - 6 class kieker.model.system.model.MessageTrace records received.
12:26:47.900 [Thread for Merger-14] INFO  k.a.generic.sink.NullSink:NullSink-8 - 7 records received.
12:26:47.900 [Thread for Merger-14] INFO  k.a.generic.sink.NullSink:NullSink-8 - 7 class kieker.model.system.model.MessageTrace records received.
12:26:47.932 [Thread for Merger-14] INFO  k.a.generic.sink.NullSink:NullSink-8 - 8 records received.
12:26:47.932 [Thread for Merger-14] INFO  k.a.generic.sink.NullSink:NullSink-8 - 8 class kieker.model.system.model.MessageTrace records received.
12:26:47.963 [Thread for Merger-14] INFO  k.a.generic.sink.NullSink:NullSink-8 - 9 records received.
12:26:47.963 [Thread for Merger-14] INFO  k.a.generic.sink.NullSink:NullSink-8 - 9 class kieker.model.system.model.MessageTrace records received.
12:26:48.006 [Thread for Merger-14] INFO  k.a.generic.sink.NullSink:NullSink-8 - 10 records received.
12:26:48.006 [Thread for Merger-14] INFO  k.a.generic.sink.NullSink:NullSink-8 - 10 class kieker.model.system.model.MessageTrace records received.
12:26:48.038 [Thread for Merger-14] INFO  k.a.generic.sink.NullSink:NullSink-8 - 11 records received.
12:26:48.038 [Thread for Merger-14] INFO  k.a.generic.sink.NullSink:NullSink-8 - 11 class kieker.model.system.model.MessageTrace records received.
12:26:48.070 [Thread for Merger-14] INFO  k.a.generic.sink.NullSink:NullSink-8 - 12 records received.
12:26:48.070 [Thread for Merger-14] INFO  k.a.generic.sink.NullSink:NullSink-8 - 12 class kieker.model.system.model.MessageTrace records received.
12:26:48.103 [Thread for Merger-14] INFO  k.a.generic.sink.NullSink:NullSink-8 - 13 records received.
12:26:48.103 [Thread for Merger-14] INFO  k.a.generic.sink.NullSink:NullSink-8 - 13 class kieker.model.system.model.MessageTrace records received.
12:26:48.135 [Thread for Merger-14] INFO  k.a.generic.sink.NullSink:NullSink-8 - 14 records received.
12:26:48.135 [Thread for Merger-14] INFO  k.a.generic.sink.NullSink:NullSink-8 - 14 class kieker.model.system.model.MessageTrace records received.
12:26:48.168 [Thread for Merger-14] INFO  k.a.generic.sink.NullSink:NullSink-8 - 15 records received.
12:26:48.168 [Thread for Merger-14] INFO  k.a.generic.sink.NullSink:NullSink-8 - 15 class kieker.model.system.model.MessageTrace records received.
12:26:48.201 [Thread for Merger-14] INFO  k.a.generic.sink.NullSink:NullSink-8 - 16 records received.
12:26:48.201 [Thread for Merger-14] INFO  k.a.generic.sink.NullSink:NullSink-8 - 16 class kieker.model.system.model.MessageTrace records received.
12:26:48.233 [Thread for Merger-14] INFO  k.a.generic.sink.NullSink:NullSink-8 - 17 records received.
12:26:48.233 [Thread for Merger-14] INFO  k.a.generic.sink.NullSink:NullSink-8 - 17 class kieker.model.system.model.MessageTrace records received.
12:26:48.265 [Thread for Merger-14] INFO  k.a.generic.sink.NullSink:NullSink-8 - 18 records received.
12:26:48.265 [Thread for Merger-14] INFO  k.a.generic.sink.NullSink:NullSink-8 - 18 class kieker.model.system.model.MessageTrace records received.
12:26:48.403 [Thread for Merger-14] INFO  k.a.generic.sink.NullSink:NullSink-8 - 19 records received.
12:26:48.403 [Thread for Merger-14] INFO  k.a.generic.sink.NullSink:NullSink-8 - 19 class kieker.model.system.model.MessageTrace records received.
12:26:48.443 [Thread for Merger-14] INFO  k.a.generic.sink.NullSink:NullSink-8 - 20 records received.
12:26:48.443 [Thread for Merger-14] INFO  k.a.generic.sink.NullSink:NullSink-8 - 20 class kieker.model.system.model.MessageTrace records received.
12:26:48.478 [Thread for Merger-14] INFO  k.a.generic.sink.NullSink:NullSink-8 - 21 records received.
12:26:48.478 [Thread for Merger-14] INFO  k.a.generic.sink.NullSink:NullSink-8 - 21 class kieker.model.system.model.MessageTrace records received.
12:26:48.511 [Thread for Merger-14] INFO  k.a.generic.sink.NullSink:NullSink-8 - 22 records received.
12:26:48.511 [Thread for Merger-14] INFO  k.a.generic.sink.NullSink:NullSink-8 - 22 class kieker.model.system.model.MessageTrace records received.
12:26:48.553 [Thread for Merger-14] INFO  k.a.generic.sink.NullSink:NullSink-8 - 23 records received.
12:26:48.553 [Thread for Merger-14] INFO  k.a.generic.sink.NullSink:NullSink-8 - 23 class kieker.model.system.model.MessageTrace records received.
12:26:48.588 [Thread for Merger-14] INFO  k.a.generic.sink.NullSink:NullSink-8 - 24 records received.
12:26:48.588 [Thread for Merger-14] INFO  k.a.generic.sink.NullSink:NullSink-8 - 24 class kieker.model.system.model.MessageTrace records received.
12:26:48.621 [Thread for Merger-14] INFO  k.a.generic.sink.NullSink:NullSink-8 - 25 records received.
12:26:48.621 [Thread for Merger-14] INFO  k.a.generic.sink.NullSink:NullSink-8 - 25 class kieker.model.system.model.MessageTrace records received.
12:26:48.659 [Thread for Merger-14] INFO  k.a.generic.sink.NullSink:NullSink-8 - 26 records received.
12:26:48.659 [Thread for Merger-14] INFO  k.a.generic.sink.NullSink:NullSink-8 - 26 class kieker.model.system.model.MessageTrace records received.
12:26:48.696 [Thread for Merger-14] INFO  k.a.generic.sink.NullSink:NullSink-8 - 27 records received.
12:26:48.696 [Thread for Merger-14] INFO  k.a.generic.sink.NullSink:NullSink-8 - 27 class kieker.model.system.model.MessageTrace records received.
12:26:48.732 [Thread for Merger-14] INFO  k.a.generic.sink.NullSink:NullSink-8 - 28 records received.
12:26:48.732 [Thread for Merger-14] INFO  k.a.generic.sink.NullSink:NullSink-8 - 28 class kieker.model.system.model.MessageTrace records received.
12:26:48.768 [Thread for Merger-14] INFO  k.a.generic.sink.NullSink:NullSink-8 - 29 records received.
12:26:48.768 [Thread for Merger-14] INFO  k.a.generic.sink.NullSink:NullSink-8 - 29 class kieker.model.system.model.MessageTrace records received.
12:26:48.813 [Thread for Merger-14] INFO  k.a.generic.sink.NullSink:NullSink-8 - 30 records received.
12:26:48.813 [Thread for Merger-14] INFO  k.a.generic.sink.NullSink:NullSink-8 - 30 class kieker.model.system.model.MessageTrace records received.
12:26:48.850 [Thread for Merger-14] INFO  k.a.generic.sink.NullSink:NullSink-8 - 31 records received.
12:26:48.851 [Thread for Merger-14] INFO  k.a.generic.sink.NullSink:NullSink-8 - 31 class kieker.model.system.model.MessageTrace records received.
12:26:48.889 [Thread for Merger-14] INFO  k.a.generic.sink.NullSink:NullSink-8 - 32 records received.
12:26:48.889 [Thread for Merger-14] INFO  k.a.generic.sink.NullSink:NullSink-8 - 32 class kieker.model.system.model.MessageTrace records received.
12:26:48.926 [Thread for Merger-14] INFO  k.a.generic.sink.NullSink:NullSink-8 - 33 records received.
12:26:48.927 [Thread for Merger-14] INFO  k.a.generic.sink.NullSink:NullSink-8 - 33 class kieker.model.system.model.MessageTrace records received.
12:26:49.073 [Thread for Merger-14] INFO  k.a.generic.sink.NullSink:NullSink-8 - 34 records received.
12:26:49.073 [Thread for Merger-14] INFO  k.a.generic.sink.NullSink:NullSink-8 - 34 class kieker.model.system.model.MessageTrace records received.
12:26:49.110 [Thread for Merger-14] INFO  k.a.generic.sink.NullSink:NullSink-8 - 35 records received.
12:26:49.110 [Thread for Merger-14] INFO  k.a.generic.sink.NullSink:NullSink-8 - 35 class kieker.model.system.model.MessageTrace records received.
12:26:49.143 [Thread for Merger-14] INFO  k.a.generic.sink.NullSink:NullSink-8 - 36 records received.
12:26:49.143 [Thread for Merger-14] INFO  k.a.generic.sink.NullSink:NullSink-8 - 36 class kieker.model.system.model.MessageTrace records received.
12:26:49.179 [Thread for Merger-14] INFO  k.a.generic.sink.NullSink:NullSink-8 - 37 records received.
12:26:49.179 [Thread for Merger-14] INFO  k.a.generic.sink.NullSink:NullSink-8 - 37 class kieker.model.system.model.MessageTrace records received.
12:26:49.213 [Thread for Merger-14] INFO  k.a.generic.sink.NullSink:NullSink-8 - 38 records received.
12:26:49.213 [Thread for Merger-14] INFO  k.a.generic.sink.NullSink:NullSink-8 - 38 class kieker.model.system.model.MessageTrace records received.
12:26:49.248 [Thread for Merger-14] INFO  k.a.generic.sink.NullSink:NullSink-8 - 39 records received.
12:26:49.248 [Thread for Merger-14] INFO  k.a.generic.sink.NullSink:NullSink-8 - 39 class kieker.model.system.model.MessageTrace records received.
12:26:49.282 [Thread for Merger-14] INFO  k.a.generic.sink.NullSink:NullSink-8 - 40 records received.
12:26:49.283 [Thread for Merger-14] INFO  k.a.generic.sink.NullSink:NullSink-8 - 40 class kieker.model.system.model.MessageTrace records received.
12:26:49.318 [Thread for Merger-14] INFO  k.a.generic.sink.NullSink:NullSink-8 - 41 records received.
12:26:49.318 [Thread for Merger-14] INFO  k.a.generic.sink.NullSink:NullSink-8 - 41 class kieker.model.system.model.MessageTrace records received.
12:26:49.355 [Thread for Merger-14] INFO  k.a.generic.sink.NullSink:NullSink-8 - 42 records received.
12:26:49.355 [Thread for Merger-14] INFO  k.a.generic.sink.NullSink:NullSink-8 - 42 class kieker.model.system.model.MessageTrace records received.
12:26:49.390 [Thread for Merger-14] INFO  k.a.generic.sink.NullSink:NullSink-8 - 43 records received.
12:26:49.390 [Thread for Merger-14] INFO  k.a.generic.sink.NullSink:NullSink-8 - 43 class kieker.model.system.model.MessageTrace records received.
12:26:49.423 [Thread for Merger-14] INFO  k.a.generic.sink.NullSink:NullSink-8 - 44 records received.
12:26:49.423 [Thread for Merger-14] INFO  k.a.generic.sink.NullSink:NullSink-8 - 44 class kieker.model.system.model.MessageTrace records received.
12:26:49.457 [Thread for Merger-14] INFO  k.a.generic.sink.NullSink:NullSink-8 - 45 records received.
12:26:49.457 [Thread for Merger-14] INFO  k.a.generic.sink.NullSink:NullSink-8 - 45 class kieker.model.system.model.MessageTrace records received.
12:26:49.491 [Thread for Merger-14] INFO  k.a.generic.sink.NullSink:NullSink-8 - 46 records received.
12:26:49.492 [Thread for Merger-14] INFO  k.a.generic.sink.NullSink:NullSink-8 - 46 class kieker.model.system.model.MessageTrace records received.
12:26:49.524 [Thread for Merger-14] INFO  k.a.generic.sink.NullSink:NullSink-8 - 47 records received.
12:26:49.525 [Thread for Merger-14] INFO  k.a.generic.sink.NullSink:NullSink-8 - 47 class kieker.model.system.model.MessageTrace records received.
12:26:49.639 [Thread for Merger-14] INFO  k.a.generic.sink.NullSink:NullSink-8 - 48 records received.
12:26:49.639 [Thread for Merger-14] INFO  k.a.generic.sink.NullSink:NullSink-8 - 48 class kieker.model.system.model.MessageTrace records received.
12:26:49.694 [Thread for Merger-14] INFO  k.a.generic.sink.NullSink:NullSink-8 - 49 records received.
12:26:49.694 [Thread for Merger-14] INFO  k.a.generic.sink.NullSink:NullSink-8 - 49 class kieker.model.system.model.MessageTrace records received.
12:28:54.210 [Thread-1] INFO  t.f.s.p.A3PipeInstantiation - Unconnected port teetime.framework.OutputPort@6b22d90f in stage DynamicEventDispatcher-0
12:28:54.214 [Thread-1] INFO  t.f.s.p.A3PipeInstantiation - Unconnected port teetime.framework.OutputPort@6e21d888 in stage TraceIdFilter-0
12:28:54.214 [Thread-1] INFO  t.f.s.p.A3PipeInstantiation - Unconnected port teetime.framework.OutputPort@37733d32 in stage Merger-1
12:28:54.214 [Thread-1] INFO  t.f.s.p.A3PipeInstantiation - Unconnected port teetime.framework.OutputPort@1733dd3 in stage InstanceOfFilter-3
12:28:54.219 [Thread-1] WARN  k.a.a.t.TraceIdFilter:TraceIdFilter-0 - Received more than one signal - teetime.framework.signal.ValidatingSignal@4cb891d8 - from input port: teetime.framework.InputPort@363d6ccf
12:28:54.219 [Thread-1] WARN  k.a.a.t.TraceIdFilter:TraceIdFilter-0 - Received more than one signal - teetime.framework.signal.ValidatingSignal@4cb891d8 - from input port: teetime.framework.InputPort@363d6ccf
12:28:54.219 [Thread-1] WARN  k.a.a.t.TraceIdFilter:TraceIdFilter-0 - Received more than one signal - teetime.framework.signal.ValidatingSignal@4cb891d8 - from input port: teetime.framework.InputPort@363d6ccf
12:28:54.673 [Thread for KiekerDirectoryScannerStage-0] INFO  k.a.g.DynamicEventDispatcher:DynamicEventDispatcher-0 - Records processed in total 0.
12:28:54.676 [Thread for Merger-2] INFO  k.a.generic.sink.NullSink:NullSink-0 - 1 records received.
12:28:54.676 [Thread for Merger-4] INFO  k.a.generic.sink.NullSink:NullSink-2 - 1 records received.
12:28:54.676 [Thread for Merger-2] INFO  k.a.generic.sink.NullSink:NullSink-0 - 1 class kieker.model.system.model.ExecutionTrace records received.
12:28:54.676 [Thread for Merger-4] INFO  k.a.generic.sink.NullSink:NullSink-2 - 1 class kieker.model.system.model.MessageTrace records received.
12:28:54.676 [Thread for Merger-2] INFO  k.a.generic.sink.NullSink:NullSink-0 - 2 records received.
12:28:54.676 [Thread for Merger-2] INFO  k.a.generic.sink.NullSink:NullSink-0 - 2 class kieker.model.system.model.ExecutionTrace records received.
12:28:54.676 [Thread for Merger-2] INFO  k.a.generic.sink.NullSink:NullSink-0 - 3 records received.
12:28:54.676 [Thread for Merger-2] INFO  k.a.generic.sink.NullSink:NullSink-0 - 3 class kieker.model.system.model.ExecutionTrace records received.
12:28:54.676 [Thread for Merger-2] INFO  k.a.generic.sink.NullSink:NullSink-0 - 4 records received.
12:28:54.676 [Thread for Merger-2] INFO  k.a.generic.sink.NullSink:NullSink-0 - 4 class kieker.model.system.model.ExecutionTrace records received.
12:28:54.676 [Thread for Merger-2] INFO  k.a.generic.sink.NullSink:NullSink-0 - 5 records received.
12:28:54.676 [Thread for Merger-2] INFO  k.a.generic.sink.NullSink:NullSink-0 - 5 class kieker.model.system.model.ExecutionTrace records received.
12:28:54.676 [Thread for Merger-2] INFO  k.a.generic.sink.NullSink:NullSink-0 - 6 records received.
12:28:54.676 [Thread for Merger-2] INFO  k.a.generic.sink.NullSink:NullSink-0 - 6 class kieker.model.system.model.ExecutionTrace records received.
12:28:54.676 [Thread for Merger-2] INFO  k.a.generic.sink.NullSink:NullSink-0 - 7 records received.
12:28:54.676 [Thread for Merger-2] INFO  k.a.generic.sink.NullSink:NullSink-0 - 7 class kieker.model.system.model.ExecutionTrace records received.
12:28:54.676 [Thread for Merger-2] INFO  k.a.generic.sink.NullSink:NullSink-0 - 8 records received.
12:28:54.676 [Thread for Merger-2] INFO  k.a.generic.sink.NullSink:NullSink-0 - 8 class kieker.model.system.model.ExecutionTrace records received.
12:28:54.676 [Thread for Merger-2] INFO  k.a.generic.sink.NullSink:NullSink-0 - 9 records received.
12:28:54.677 [Thread for Merger-2] INFO  k.a.generic.sink.NullSink:NullSink-0 - 9 class kieker.model.system.model.ExecutionTrace records received.
12:28:54.677 [Thread for Merger-2] INFO  k.a.generic.sink.NullSink:NullSink-0 - 10 records received.
12:28:54.677 [Thread for Merger-2] INFO  k.a.generic.sink.NullSink:NullSink-0 - 10 class kieker.model.system.model.ExecutionTrace records received.
12:28:54.677 [Thread for Merger-2] INFO  k.a.generic.sink.NullSink:NullSink-0 - 11 records received.
12:28:54.677 [Thread for Merger-2] INFO  k.a.generic.sink.NullSink:NullSink-0 - 11 class kieker.model.system.model.ExecutionTrace records received.
12:28:54.677 [Thread for Merger-2] INFO  k.a.generic.sink.NullSink:NullSink-0 - 12 records received.
12:28:54.677 [Thread for Merger-2] INFO  k.a.generic.sink.NullSink:NullSink-0 - 12 class kieker.model.system.model.ExecutionTrace records received.
12:28:54.677 [Thread for Merger-2] INFO  k.a.generic.sink.NullSink:NullSink-0 - 13 records received.
12:28:54.677 [Thread for Merger-2] INFO  k.a.generic.sink.NullSink:NullSink-0 - 13 class kieker.model.system.model.ExecutionTrace records received.
12:28:54.677 [Thread for Merger-2] INFO  k.a.generic.sink.NullSink:NullSink-0 - 14 records received.
12:28:54.677 [Thread for Merger-2] INFO  k.a.generic.sink.NullSink:NullSink-0 - 14 class kieker.model.system.model.ExecutionTrace records received.
12:28:54.677 [Thread for Merger-2] INFO  k.a.generic.sink.NullSink:NullSink-0 - 15 records received.
12:28:54.677 [Thread for Merger-2] INFO  k.a.generic.sink.NullSink:NullSink-0 - 15 class kieker.model.system.model.ExecutionTrace records received.
12:28:54.677 [Thread for Merger-2] INFO  k.a.generic.sink.NullSink:NullSink-0 - 16 records received.
12:28:54.677 [Thread for Merger-2] INFO  k.a.generic.sink.NullSink:NullSink-0 - 16 class kieker.model.system.model.ExecutionTrace records received.
12:28:54.677 [Thread for Merger-2] INFO  k.a.generic.sink.NullSink:NullSink-0 - 17 records received.
12:28:54.677 [Thread for Merger-2] INFO  k.a.generic.sink.NullSink:NullSink-0 - 17 class kieker.model.system.model.ExecutionTrace records received.
12:28:54.677 [Thread for Merger-2] INFO  k.a.generic.sink.NullSink:NullSink-0 - 18 records received.
12:28:54.677 [Thread for Merger-2] INFO  k.a.generic.sink.NullSink:NullSink-0 - 18 class kieker.model.system.model.ExecutionTrace records received.
12:28:54.677 [Thread for Merger-2] INFO  k.a.generic.sink.NullSink:NullSink-0 - 19 records received.
12:28:54.677 [Thread for Merger-2] INFO  k.a.generic.sink.NullSink:NullSink-0 - 19 class kieker.model.system.model.ExecutionTrace records received.
12:28:54.677 [Thread for Merger-2] INFO  k.a.generic.sink.NullSink:NullSink-0 - 20 records received.
12:28:54.677 [Thread for Merger-2] INFO  k.a.generic.sink.NullSink:NullSink-0 - 20 class kieker.model.system.model.ExecutionTrace records received.
12:28:54.677 [Thread for Merger-2] INFO  k.a.generic.sink.NullSink:NullSink-0 - 21 records received.
12:28:54.677 [Thread for Merger-2] INFO  k.a.generic.sink.NullSink:NullSink-0 - 21 class kieker.model.system.model.ExecutionTrace records received.
12:28:54.677 [Thread for Merger-2] INFO  k.a.generic.sink.NullSink:NullSink-0 - 22 records received.
12:28:54.677 [Thread for Merger-2] INFO  k.a.generic.sink.NullSink:NullSink-0 - 22 class kieker.model.system.model.ExecutionTrace records received.
12:28:54.677 [Thread for Merger-2] INFO  k.a.generic.sink.NullSink:NullSink-0 - 23 records received.
12:28:54.677 [Thread for Merger-2] INFO  k.a.generic.sink.NullSink:NullSink-0 - 23 class kieker.model.system.model.ExecutionTrace records received.
12:28:54.678 [Thread for Merger-2] INFO  k.a.generic.sink.NullSink:NullSink-0 - 24 records received.
12:28:54.678 [Thread for Merger-2] INFO  k.a.generic.sink.NullSink:NullSink-0 - 24 class kieker.model.system.model.ExecutionTrace records received.
12:28:54.678 [Thread for Merger-2] INFO  k.a.generic.sink.NullSink:NullSink-0 - 25 records received.
12:28:54.678 [Thread for Merger-2] INFO  k.a.generic.sink.NullSink:NullSink-0 - 25 class kieker.model.system.model.ExecutionTrace records received.
12:28:54.678 [Thread for Merger-2] INFO  k.a.generic.sink.NullSink:NullSink-0 - 26 records received.
12:28:54.678 [Thread for Merger-2] INFO  k.a.generic.sink.NullSink:NullSink-0 - 26 class kieker.model.system.model.ExecutionTrace records received.
12:28:54.678 [Thread for Merger-2] INFO  k.a.generic.sink.NullSink:NullSink-0 - 27 records received.
12:28:54.678 [Thread for Merger-2] INFO  k.a.generic.sink.NullSink:NullSink-0 - 27 class kieker.model.system.model.ExecutionTrace records received.
12:28:54.678 [Thread for Merger-2] INFO  k.a.generic.sink.NullSink:NullSink-0 - 28 records received.
12:28:54.678 [Thread for Merger-2] INFO  k.a.generic.sink.NullSink:NullSink-0 - 28 class kieker.model.system.model.ExecutionTrace records received.
12:28:54.678 [Thread for Merger-2] INFO  k.a.generic.sink.NullSink:NullSink-0 - 29 records received.
12:28:54.678 [Thread for Merger-2] INFO  k.a.generic.sink.NullSink:NullSink-0 - 29 class kieker.model.system.model.ExecutionTrace records received.
12:28:54.678 [Thread for Merger-2] INFO  k.a.generic.sink.NullSink:NullSink-0 - 30 records received.
12:28:54.678 [Thread for Merger-2] INFO  k.a.generic.sink.NullSink:NullSink-0 - 30 class kieker.model.system.model.ExecutionTrace records received.
12:28:54.678 [Thread for Merger-2] INFO  k.a.generic.sink.NullSink:NullSink-0 - 31 records received.
12:28:54.678 [Thread for Merger-2] INFO  k.a.generic.sink.NullSink:NullSink-0 - 31 class kieker.model.system.model.ExecutionTrace records received.
12:28:54.678 [Thread for Merger-2] INFO  k.a.generic.sink.NullSink:NullSink-0 - 32 records received.
12:28:54.678 [Thread for Merger-2] INFO  k.a.generic.sink.NullSink:NullSink-0 - 32 class kieker.model.system.model.ExecutionTrace records received.
12:28:54.678 [Thread for Merger-2] INFO  k.a.generic.sink.NullSink:NullSink-0 - 33 records received.
12:28:54.678 [Thread for Merger-2] INFO  k.a.generic.sink.NullSink:NullSink-0 - 33 class kieker.model.system.model.ExecutionTrace records received.
12:28:54.678 [Thread for Merger-2] INFO  k.a.generic.sink.NullSink:NullSink-0 - 34 records received.
12:28:54.678 [Thread for Merger-2] INFO  k.a.generic.sink.NullSink:NullSink-0 - 34 class kieker.model.system.model.ExecutionTrace records received.
12:28:54.678 [Thread for Merger-2] INFO  k.a.generic.sink.NullSink:NullSink-0 - 35 records received.
12:28:54.678 [Thread for Merger-2] INFO  k.a.generic.sink.NullSink:NullSink-0 - 35 class kieker.model.system.model.ExecutionTrace records received.
12:28:54.678 [Thread for Merger-2] INFO  k.a.generic.sink.NullSink:NullSink-0 - 36 records received.
12:28:54.678 [Thread for Merger-2] INFO  k.a.generic.sink.NullSink:NullSink-0 - 36 class kieker.model.system.model.ExecutionTrace records received.
12:28:54.678 [Thread for Merger-2] INFO  k.a.generic.sink.NullSink:NullSink-0 - 37 records received.
12:28:54.678 [Thread for Merger-2] INFO  k.a.generic.sink.NullSink:NullSink-0 - 37 class kieker.model.system.model.ExecutionTrace records received.
12:28:54.679 [Thread for Merger-2] INFO  k.a.generic.sink.NullSink:NullSink-0 - 38 records received.
12:28:54.679 [Thread for Merger-2] INFO  k.a.generic.sink.NullSink:NullSink-0 - 38 class kieker.model.system.model.ExecutionTrace records received.
12:28:54.679 [Thread for Merger-2] INFO  k.a.generic.sink.NullSink:NullSink-0 - 39 records received.
12:28:54.679 [Thread for Merger-2] INFO  k.a.generic.sink.NullSink:NullSink-0 - 39 class kieker.model.system.model.ExecutionTrace records received.
12:28:54.679 [Thread for Merger-2] INFO  k.a.generic.sink.NullSink:NullSink-0 - 40 records received.
12:28:54.679 [Thread for Merger-2] INFO  k.a.generic.sink.NullSink:NullSink-0 - 40 class kieker.model.system.model.ExecutionTrace records received.
12:28:54.679 [Thread for Merger-2] INFO  k.a.generic.sink.NullSink:NullSink-0 - 41 records received.
12:28:54.679 [Thread for Merger-2] INFO  k.a.generic.sink.NullSink:NullSink-0 - 41 class kieker.model.system.model.ExecutionTrace records received.
12:28:54.679 [Thread for Merger-2] INFO  k.a.generic.sink.NullSink:NullSink-0 - 42 records received.
12:28:54.679 [Thread for Merger-2] INFO  k.a.generic.sink.NullSink:NullSink-0 - 42 class kieker.model.system.model.ExecutionTrace records received.
12:28:54.679 [Thread for Merger-2] INFO  k.a.generic.sink.NullSink:NullSink-0 - 43 records received.
12:28:54.679 [Thread for Merger-2] INFO  k.a.generic.sink.NullSink:NullSink-0 - 43 class kieker.model.system.model.ExecutionTrace records received.
12:28:54.679 [Thread for Merger-2] INFO  k.a.generic.sink.NullSink:NullSink-0 - 44 records received.
12:28:54.679 [Thread for Merger-2] INFO  k.a.generic.sink.NullSink:NullSink-0 - 44 class kieker.model.system.model.ExecutionTrace records received.
12:28:54.679 [Thread for Merger-2] INFO  k.a.generic.sink.NullSink:NullSink-0 - 45 records received.
12:28:54.679 [Thread for Merger-2] INFO  k.a.generic.sink.NullSink:NullSink-0 - 45 class kieker.model.system.model.ExecutionTrace records received.
12:28:54.679 [Thread for Merger-2] INFO  k.a.generic.sink.NullSink:NullSink-0 - 46 records received.
12:28:54.679 [Thread for Merger-2] INFO  k.a.generic.sink.NullSink:NullSink-0 - 46 class kieker.model.system.model.ExecutionTrace records received.
12:28:54.679 [Thread for Merger-2] INFO  k.a.generic.sink.NullSink:NullSink-0 - 47 records received.
12:28:54.679 [Thread for Merger-2] INFO  k.a.generic.sink.NullSink:NullSink-0 - 47 class kieker.model.system.model.ExecutionTrace records received.
12:28:54.679 [Thread for Merger-2] INFO  k.a.generic.sink.NullSink:NullSink-0 - 48 records received.
12:28:54.679 [Thread for Merger-2] INFO  k.a.generic.sink.NullSink:NullSink-0 - 48 class kieker.model.system.model.ExecutionTrace records received.
12:28:54.715 [Thread for Merger-2] INFO  k.a.generic.sink.NullSink:NullSink-0 - 49 records received.
12:28:54.716 [Thread for Merger-2] INFO  k.a.generic.sink.NullSink:NullSink-0 - 49 class kieker.model.system.model.ExecutionTrace records received.
12:28:54.716 [Thread for Merger-2] INFO  k.a.generic.sink.NullSink:NullSink-0 - 50 records received.
12:28:54.716 [Thread for Merger-2] INFO  k.a.generic.sink.NullSink:NullSink-0 - 50 class kieker.model.system.model.ExecutionTrace records received.
12:28:55.192 [Thread for Merger-4] INFO  k.a.generic.sink.NullSink:NullSink-2 - 2 records received.
12:28:55.192 [Thread for Merger-4] INFO  k.a.generic.sink.NullSink:NullSink-2 - 2 class kieker.model.system.model.MessageTrace records received.
12:28:55.228 [Thread for Merger-4] INFO  k.a.generic.sink.NullSink:NullSink-2 - 3 records received.
12:28:55.229 [Thread for Merger-4] INFO  k.a.generic.sink.NullSink:NullSink-2 - 3 class kieker.model.system.model.MessageTrace records received.
12:28:55.365 [Thread for Merger-4] INFO  k.a.generic.sink.NullSink:NullSink-2 - 4 records received.
12:28:55.365 [Thread for Merger-4] INFO  k.a.generic.sink.NullSink:NullSink-2 - 4 class kieker.model.system.model.MessageTrace records received.
12:28:55.398 [Thread for Merger-4] INFO  k.a.generic.sink.NullSink:NullSink-2 - 5 records received.
12:28:55.399 [Thread for Merger-4] INFO  k.a.generic.sink.NullSink:NullSink-2 - 5 class kieker.model.system.model.MessageTrace records received.
12:28:55.536 [Thread for Merger-4] INFO  k.a.generic.sink.NullSink:NullSink-2 - 6 records received.
12:28:55.536 [Thread for Merger-4] INFO  k.a.generic.sink.NullSink:NullSink-2 - 6 class kieker.model.system.model.MessageTrace records received.
12:28:55.569 [Thread for Merger-4] INFO  k.a.generic.sink.NullSink:NullSink-2 - 7 records received.
12:28:55.569 [Thread for Merger-4] INFO  k.a.generic.sink.NullSink:NullSink-2 - 7 class kieker.model.system.model.MessageTrace records received.
12:28:55.602 [Thread for Merger-4] INFO  k.a.generic.sink.NullSink:NullSink-2 - 8 records received.
12:28:55.602 [Thread for Merger-4] INFO  k.a.generic.sink.NullSink:NullSink-2 - 8 class kieker.model.system.model.MessageTrace records received.
12:28:55.636 [Thread for Merger-4] INFO  k.a.generic.sink.NullSink:NullSink-2 - 9 records received.
12:28:55.636 [Thread for Merger-4] INFO  k.a.generic.sink.NullSink:NullSink-2 - 9 class kieker.model.system.model.MessageTrace records received.
12:28:55.669 [Thread for Merger-4] INFO  k.a.generic.sink.NullSink:NullSink-2 - 10 records received.
12:28:55.670 [Thread for Merger-4] INFO  k.a.generic.sink.NullSink:NullSink-2 - 10 class kieker.model.system.model.MessageTrace records received.
12:28:55.703 [Thread for Merger-4] INFO  k.a.generic.sink.NullSink:NullSink-2 - 11 records received.
12:28:55.703 [Thread for Merger-4] INFO  k.a.generic.sink.NullSink:NullSink-2 - 11 class kieker.model.system.model.MessageTrace records received.
12:28:55.737 [Thread for Merger-4] INFO  k.a.generic.sink.NullSink:NullSink-2 - 12 records received.
12:28:55.737 [Thread for Merger-4] INFO  k.a.generic.sink.NullSink:NullSink-2 - 12 class kieker.model.system.model.MessageTrace records received.
12:28:55.771 [Thread for Merger-4] INFO  k.a.generic.sink.NullSink:NullSink-2 - 13 records received.
12:28:55.771 [Thread for Merger-4] INFO  k.a.generic.sink.NullSink:NullSink-2 - 13 class kieker.model.system.model.MessageTrace records received.
12:28:55.805 [Thread for Merger-4] INFO  k.a.generic.sink.NullSink:NullSink-2 - 14 records received.
12:28:55.805 [Thread for Merger-4] INFO  k.a.generic.sink.NullSink:NullSink-2 - 14 class kieker.model.system.model.MessageTrace records received.
12:28:55.838 [Thread for Merger-4] INFO  k.a.generic.sink.NullSink:NullSink-2 - 15 records received.
12:28:55.838 [Thread for Merger-4] INFO  k.a.generic.sink.NullSink:NullSink-2 - 15 class kieker.model.system.model.MessageTrace records received.
12:28:55.870 [Thread for Merger-4] INFO  k.a.generic.sink.NullSink:NullSink-2 - 16 records received.
12:28:55.870 [Thread for Merger-4] INFO  k.a.generic.sink.NullSink:NullSink-2 - 16 class kieker.model.system.model.MessageTrace records received.
12:28:55.904 [Thread for Merger-4] INFO  k.a.generic.sink.NullSink:NullSink-2 - 17 records received.
12:28:55.904 [Thread for Merger-4] INFO  k.a.generic.sink.NullSink:NullSink-2 - 17 class kieker.model.system.model.MessageTrace records received.
12:28:55.937 [Thread for Merger-4] INFO  k.a.generic.sink.NullSink:NullSink-2 - 18 records received.
12:28:55.937 [Thread for Merger-4] INFO  k.a.generic.sink.NullSink:NullSink-2 - 18 class kieker.model.system.model.MessageTrace records received.
12:28:55.969 [Thread for Merger-4] INFO  k.a.generic.sink.NullSink:NullSink-2 - 19 records received.
12:28:55.970 [Thread for Merger-4] INFO  k.a.generic.sink.NullSink:NullSink-2 - 19 class kieker.model.system.model.MessageTrace records received.
12:28:56.109 [Thread for Merger-4] INFO  k.a.generic.sink.NullSink:NullSink-2 - 20 records received.
12:28:56.109 [Thread for Merger-4] INFO  k.a.generic.sink.NullSink:NullSink-2 - 20 class kieker.model.system.model.MessageTrace records received.
12:28:56.253 [Thread for Merger-4] INFO  k.a.generic.sink.NullSink:NullSink-2 - 21 records received.
12:28:56.253 [Thread for Merger-4] INFO  k.a.generic.sink.NullSink:NullSink-2 - 21 class kieker.model.system.model.MessageTrace records received.
12:28:56.289 [Thread for Merger-4] INFO  k.a.generic.sink.NullSink:NullSink-2 - 22 records received.
12:28:56.289 [Thread for Merger-4] INFO  k.a.generic.sink.NullSink:NullSink-2 - 22 class kieker.model.system.model.MessageTrace records received.
12:28:56.324 [Thread for Merger-4] INFO  k.a.generic.sink.NullSink:NullSink-2 - 23 records received.
12:28:56.324 [Thread for Merger-4] INFO  k.a.generic.sink.NullSink:NullSink-2 - 23 class kieker.model.system.model.MessageTrace records received.
12:28:56.470 [Thread for Merger-4] INFO  k.a.generic.sink.NullSink:NullSink-2 - 24 records received.
12:28:56.470 [Thread for Merger-4] INFO  k.a.generic.sink.NullSink:NullSink-2 - 24 class kieker.model.system.model.MessageTrace records received.
12:28:56.505 [Thread for Merger-4] INFO  k.a.generic.sink.NullSink:NullSink-2 - 25 records received.
12:28:56.505 [Thread for Merger-4] INFO  k.a.generic.sink.NullSink:NullSink-2 - 25 class kieker.model.system.model.MessageTrace records received.
12:28:56.540 [Thread for Merger-4] INFO  k.a.generic.sink.NullSink:NullSink-2 - 26 records received.
12:28:56.540 [Thread for Merger-4] INFO  k.a.generic.sink.NullSink:NullSink-2 - 26 class kieker.model.system.model.MessageTrace records received.
12:28:56.576 [Thread for Merger-4] INFO  k.a.generic.sink.NullSink:NullSink-2 - 27 records received.
12:28:56.576 [Thread for Merger-4] INFO  k.a.generic.sink.NullSink:NullSink-2 - 27 class kieker.model.system.model.MessageTrace records received.
12:28:56.611 [Thread for Merger-4] INFO  k.a.generic.sink.NullSink:NullSink-2 - 28 records received.
12:28:56.611 [Thread for Merger-4] INFO  k.a.generic.sink.NullSink:NullSink-2 - 28 class kieker.model.system.model.MessageTrace records received.
12:28:56.645 [Thread for Merger-4] INFO  k.a.generic.sink.NullSink:NullSink-2 - 29 records received.
12:28:56.646 [Thread for Merger-4] INFO  k.a.generic.sink.NullSink:NullSink-2 - 29 class kieker.model.system.model.MessageTrace records received.
12:28:56.681 [Thread for Merger-4] INFO  k.a.generic.sink.NullSink:NullSink-2 - 30 records received.
12:28:56.681 [Thread for Merger-4] INFO  k.a.generic.sink.NullSink:NullSink-2 - 30 class kieker.model.system.model.MessageTrace records received.
12:28:56.717 [Thread for Merger-4] INFO  k.a.generic.sink.NullSink:NullSink-2 - 31 records received.
12:28:56.717 [Thread for Merger-4] INFO  k.a.generic.sink.NullSink:NullSink-2 - 31 class kieker.model.system.model.MessageTrace records received.
12:28:56.752 [Thread for Merger-4] INFO  k.a.generic.sink.NullSink:NullSink-2 - 32 records received.
12:28:56.753 [Thread for Merger-4] INFO  k.a.generic.sink.NullSink:NullSink-2 - 32 class kieker.model.system.model.MessageTrace records received.
12:28:56.790 [Thread for Merger-4] INFO  k.a.generic.sink.NullSink:NullSink-2 - 33 records received.
12:28:56.790 [Thread for Merger-4] INFO  k.a.generic.sink.NullSink:NullSink-2 - 33 class kieker.model.system.model.MessageTrace records received.
12:28:56.826 [Thread for Merger-4] INFO  k.a.generic.sink.NullSink:NullSink-2 - 34 records received.
12:28:56.827 [Thread for Merger-4] INFO  k.a.generic.sink.NullSink:NullSink-2 - 34 class kieker.model.system.model.MessageTrace records received.
12:28:56.862 [Thread for Merger-4] INFO  k.a.generic.sink.NullSink:NullSink-2 - 35 records received.
12:28:56.862 [Thread for Merger-4] INFO  k.a.generic.sink.NullSink:NullSink-2 - 35 class kieker.model.system.model.MessageTrace records received.
12:28:56.897 [Thread for Merger-4] INFO  k.a.generic.sink.NullSink:NullSink-2 - 36 records received.
12:28:56.897 [Thread for Merger-4] INFO  k.a.generic.sink.NullSink:NullSink-2 - 36 class kieker.model.system.model.MessageTrace records received.
12:28:56.932 [Thread for Merger-4] INFO  k.a.generic.sink.NullSink:NullSink-2 - 37 records received.
12:28:56.932 [Thread for Merger-4] INFO  k.a.generic.sink.NullSink:NullSink-2 - 37 class kieker.model.system.model.MessageTrace records received.
12:28:56.968 [Thread for Merger-4] INFO  k.a.generic.sink.NullSink:NullSink-2 - 38 records received.
12:28:56.968 [Thread for Merger-4] INFO  k.a.generic.sink.NullSink:NullSink-2 - 38 class kieker.model.system.model.MessageTrace records received.
12:28:57.004 [Thread for Merger-4] INFO  k.a.generic.sink.NullSink:NullSink-2 - 39 records received.
12:28:57.004 [Thread for Merger-4] INFO  k.a.generic.sink.NullSink:NullSink-2 - 39 class kieker.model.system.model.MessageTrace records received.
12:28:57.139 [Thread for Merger-4] INFO  k.a.generic.sink.NullSink:NullSink-2 - 40 records received.
12:28:57.139 [Thread for Merger-4] INFO  k.a.generic.sink.NullSink:NullSink-2 - 40 class kieker.model.system.model.MessageTrace records received.
12:28:57.173 [Thread for Merger-4] INFO  k.a.generic.sink.NullSink:NullSink-2 - 41 records received.
12:28:57.173 [Thread for Merger-4] INFO  k.a.generic.sink.NullSink:NullSink-2 - 41 class kieker.model.system.model.MessageTrace records received.
12:28:57.209 [Thread for Merger-4] INFO  k.a.generic.sink.NullSink:NullSink-2 - 42 records received.
12:28:57.209 [Thread for Merger-4] INFO  k.a.generic.sink.NullSink:NullSink-2 - 42 class kieker.model.system.model.MessageTrace records received.
12:28:57.243 [Thread for Merger-4] INFO  k.a.generic.sink.NullSink:NullSink-2 - 43 records received.
12:28:57.243 [Thread for Merger-4] INFO  k.a.generic.sink.NullSink:NullSink-2 - 43 class kieker.model.system.model.MessageTrace records received.
12:28:57.277 [Thread for Merger-4] INFO  k.a.generic.sink.NullSink:NullSink-2 - 44 records received.
12:28:57.277 [Thread for Merger-4] INFO  k.a.generic.sink.NullSink:NullSink-2 - 44 class kieker.model.system.model.MessageTrace records received.
12:28:57.310 [Thread for Merger-4] INFO  k.a.generic.sink.NullSink:NullSink-2 - 45 records received.
12:28:57.310 [Thread for Merger-4] INFO  k.a.generic.sink.NullSink:NullSink-2 - 45 class kieker.model.system.model.MessageTrace records received.
12:28:57.448 [Thread for Merger-4] INFO  k.a.generic.sink.NullSink:NullSink-2 - 46 records received.
12:28:57.448 [Thread for Merger-4] INFO  k.a.generic.sink.NullSink:NullSink-2 - 46 class kieker.model.system.model.MessageTrace records received.
12:28:57.490 [Thread for Merger-4] INFO  k.a.generic.sink.NullSink:NullSink-2 - 47 records received.
12:28:57.491 [Thread for Merger-4] INFO  k.a.generic.sink.NullSink:NullSink-2 - 47 class kieker.model.system.model.MessageTrace records received.
12:28:58.138 [Thread for Merger-4] WARN  t.f.e.TerminatingExceptionListener - Exception occurred in PlantUMLFileGenerator-0
java.lang.UnsupportedOperationException: PDF
	at net.atmp.ImageBuilder.createUGraphic(ImageBuilder.java:408)
	at net.atmp.ImageBuilder.writeImageInternal(ImageBuilder.java:262)
	at net.atmp.ImageBuilder.write(ImageBuilder.java:238)
	at net.sourceforge.plantuml.directdot.PSystemDot.exportDiagramNow(PSystemDot.java:89)
	at net.sourceforge.plantuml.AbstractPSystem.exportDiagram(AbstractPSystem.java:216)
	at net.sourceforge.plantuml.SourceStringReader.outputImage(SourceStringReader.java:189)
	at net.sourceforge.plantuml.SourceStringReader.outputImage(SourceStringReader.java:147)
	at kieker.visualization.trace.plantuml.PlantUMLFileGenerator.generateImage(PlantUMLFileGenerator.java:111)
	at kieker.visualization.trace.plantuml.PlantUMLFileGenerator.generate(PlantUMLFileGenerator.java:92)
	at kieker.visualization.trace.plantuml.PlantUMLFileGenerator.execute(PlantUMLFileGenerator.java:83)
	at kieker.visualization.trace.plantuml.PlantUMLFileGenerator.execute(PlantUMLFileGenerator.java:46)
	at teetime.framework.AbstractConsumerStage.execute(AbstractConsumerStage.java:50)
	at teetime.framework.AbstractStage.executeWithCatchedExceptions(AbstractStage.java:220)
	at teetime.framework.AbstractStage.executeByFramework(AbstractStage.java:214)
	at teetime.framework.scheduling.pushpullmodel.A3PipeInstantiation.onElementAdded(A3PipeInstantiation.java:99)
	at teetime.framework.pipe.UnsynchedPipe.add(UnsynchedPipe.java:38)
	at teetime.framework.OutputPort.send(OutputPort.java:54)
	at kieker.visualization.trace.call.tree.plantuml.PlantUMLTraceCallTreeFilter.execute(PlantUMLTraceCallTreeFilter.java:111)
	at kieker.visualization.trace.call.tree.plantuml.PlantUMLTraceCallTreeFilter.execute(PlantUMLTraceCallTreeFilter.java:48)
	at teetime.framework.AbstractConsumerStage.execute(AbstractConsumerStage.java:50)
	at teetime.framework.AbstractStage.executeWithCatchedExceptions(AbstractStage.java:220)
	at teetime.framework.AbstractStage.executeByFramework(AbstractStage.java:214)
	at teetime.framework.scheduling.pushpullmodel.A3PipeInstantiation.onElementAdded(A3PipeInstantiation.java:99)
	at teetime.framework.pipe.UnsynchedPipe.add(UnsynchedPipe.java:38)
	at teetime.framework.OutputPort.send(OutputPort.java:54)
	at teetime.stage.basic.distributor.strategy.CopyByReferenceStrategy.distribute(CopyByReferenceStrategy.java:33)
	at teetime.stage.basic.distributor.Distributor.execute(Distributor.java:72)
	at teetime.framework.AbstractConsumerStage.execute(AbstractConsumerStage.java:50)
	at teetime.framework.AbstractStage.executeWithCatchedExceptions(AbstractStage.java:220)
	at teetime.framework.AbstractStage.executeByFramework(AbstractStage.java:214)
	at teetime.framework.scheduling.pushpullmodel.A3PipeInstantiation.onElementAdded(A3PipeInstantiation.java:99)
	at teetime.framework.pipe.UnsynchedPipe.add(UnsynchedPipe.java:38)
	at teetime.framework.OutputPort.send(OutputPort.java:54)
	at teetime.stage.basic.merger.Merger.execute(Merger.java:84)
	at teetime.framework.AbstractStage.executeWithCatchedExceptions(AbstractStage.java:220)
	at teetime.framework.AbstractStage.executeByFramework(AbstractStage.java:214)
	at teetime.framework.StageFacade.runStage(StageFacade.java:76)
	at teetime.framework.scheduling.pushpullmodel.AbstractRunnableStage.run(AbstractRunnableStage.java:56)
	at java.base/java.lang.Thread.run(Unknown Source)
	at teetime.framework.scheduling.pushpullmodel.TeeTimeThread.run(TeeTimeThread.java:46)
12:28:58.267 [Thread for Merger-4] ERROR k.v.t.plantuml.PlantUMLFileGenerator - Failed to merge PDF files
java.io.IOException: Error: End-of-File, expected line at offset 195
	at org.apache.pdfbox.pdfparser.BaseParser.readLine(BaseParser.java:1108)
	at org.apache.pdfbox.pdfparser.COSParser.parseHeader(COSParser.java:2650)
	at org.apache.pdfbox.pdfparser.COSParser.parsePDFHeader(COSParser.java:2629)
	at org.apache.pdfbox.pdfparser.PDFParser.parse(PDFParser.java:219)
	at org.apache.pdfbox.pdmodel.PDDocument.load(PDDocument.java:1109)
	at org.apache.pdfbox.pdmodel.PDDocument.load(PDDocument.java:1092)
	at org.apache.pdfbox.pdmodel.PDDocument.load(PDDocument.java:1016)
	at org.apache.pdfbox.multipdf.PDFMergerUtility.legacyMergeDocuments(PDFMergerUtility.java:453)
	at org.apache.pdfbox.multipdf.PDFMergerUtility.mergeDocuments(PDFMergerUtility.java:347)
	at kieker.visualization.trace.plantuml.PlantUMLFileGenerator.mergePdfFiles(PlantUMLFileGenerator.java:163)
	at kieker.visualization.trace.plantuml.PlantUMLFileGenerator.onTerminating(PlantUMLFileGenerator.java:119)
	at teetime.framework.StageFacade.onTerminating(StageFacade.java:130)
	at teetime.framework.signal.TerminatingSignal.trigger(TerminatingSignal.java:29)
	at teetime.framework.AbstractStage.onSignal(AbstractStage.java:350)
	at teetime.framework.pipe.AbstractUnsynchedPipe.sendSignal(AbstractUnsynchedPipe.java:42)
	at teetime.framework.OutputPort.sendSignal(OutputPort.java:81)
	at teetime.framework.AbstractStage.onSignal(AbstractStage.java:353)
	at teetime.framework.pipe.AbstractUnsynchedPipe.sendSignal(AbstractUnsynchedPipe.java:42)
	at teetime.framework.OutputPort.sendSignal(OutputPort.java:81)
	at teetime.framework.AbstractStage.onSignal(AbstractStage.java:353)
	at teetime.framework.pipe.AbstractUnsynchedPipe.sendSignal(AbstractUnsynchedPipe.java:42)
	at teetime.framework.OutputPort.sendSignal(OutputPort.java:81)
	at teetime.framework.AbstractStage.onSignal(AbstractStage.java:353)
	at teetime.framework.scheduling.pushpullmodel.RunnableConsumerStage.afterStageExecution(RunnableConsumerStage.java:48)
	at teetime.framework.scheduling.pushpullmodel.AbstractRunnableStage.run(AbstractRunnableStage.java:61)
	at java.base/java.lang.Thread.run(Unknown Source)
	at teetime.framework.scheduling.pushpullmodel.TeeTimeThread.run(TeeTimeThread.java:46)
12:28:58.267 [Thread for Merger-4] ERROR teetime.stage.basic.merger.Merger - Terminating thread due to the following exception: 
java.lang.IllegalStateException: Illegal state change from TERMINATED to TERMINATING
	at teetime.framework.AbstractStage.changeState(AbstractStage.java:398)
	at teetime.framework.AbstractStage.terminateStageByFramework(AbstractStage.java:679)
	at teetime.framework.AbstractStage.abort(AbstractStage.java:683)
	at teetime.framework.StageFacade.abort(StageFacade.java:38)
	at teetime.framework.scheduling.pushpullmodel.PushPullScheduling.abortStages(PushPullScheduling.java:196)
	at teetime.framework.scheduling.pushpullmodel.PushPullScheduling.onTerminate(PushPullScheduling.java:190)
	at teetime.framework.StageFacade.runStage(StageFacade.java:80)
	at teetime.framework.scheduling.pushpullmodel.AbstractRunnableStage.run(AbstractRunnableStage.java:56)
	at java.base/java.lang.Thread.run(Unknown Source)
	at teetime.framework.scheduling.pushpullmodel.TeeTimeThread.run(TeeTimeThread.java:46)
12:30:25.620 [Thread-3] INFO  t.f.s.p.A3PipeInstantiation - Unconnected port teetime.framework.OutputPort@2a3c871a in stage DynamicEventDispatcher-1
12:30:25.620 [Thread-3] INFO  t.f.s.p.A3PipeInstantiation - Unconnected port teetime.framework.OutputPort@2a054fee in stage TraceIdFilter-1
12:30:25.620 [Thread-3] INFO  t.f.s.p.A3PipeInstantiation - Unconnected port teetime.framework.OutputPort@7e09c84c in stage Merger-6
12:30:25.620 [Thread-3] INFO  t.f.s.p.A3PipeInstantiation - Unconnected port teetime.framework.OutputPort@2ad0e538 in stage InstanceOfFilter-7
12:30:25.620 [Thread-3] WARN  k.a.a.t.TraceIdFilter:TraceIdFilter-1 - Received more than one signal - teetime.framework.signal.ValidatingSignal@1e2048a4 - from input port: teetime.framework.InputPort@49f86827
12:30:25.621 [Thread-3] WARN  k.a.a.t.TraceIdFilter:TraceIdFilter-1 - Received more than one signal - teetime.framework.signal.ValidatingSignal@1e2048a4 - from input port: teetime.framework.InputPort@49f86827
12:30:25.621 [Thread-3] WARN  k.a.a.t.TraceIdFilter:TraceIdFilter-1 - Received more than one signal - teetime.framework.signal.ValidatingSignal@1e2048a4 - from input port: teetime.framework.InputPort@49f86827
12:30:26.060 [Thread for KiekerDirectoryScannerStage-1] INFO  k.a.g.DynamicEventDispatcher:DynamicEventDispatcher-1 - Records processed in total 0.
12:30:26.061 [Thread for Merger-7] INFO  k.a.generic.sink.NullSink:NullSink-3 - 1 records received.
12:30:26.061 [Thread for Merger-9] INFO  k.a.generic.sink.NullSink:NullSink-5 - 1 records received.
12:30:26.061 [Thread for Merger-7] INFO  k.a.generic.sink.NullSink:NullSink-3 - 1 class kieker.model.system.model.ExecutionTrace records received.
12:30:26.061 [Thread for Merger-9] INFO  k.a.generic.sink.NullSink:NullSink-5 - 1 class kieker.model.system.model.MessageTrace records received.
12:30:26.061 [Thread for Merger-7] INFO  k.a.generic.sink.NullSink:NullSink-3 - 2 records received.
12:30:26.062 [Thread for Merger-7] INFO  k.a.generic.sink.NullSink:NullSink-3 - 2 class kieker.model.system.model.ExecutionTrace records received.
12:30:26.062 [Thread for Merger-7] INFO  k.a.generic.sink.NullSink:NullSink-3 - 3 records received.
12:30:26.062 [Thread for Merger-7] INFO  k.a.generic.sink.NullSink:NullSink-3 - 3 class kieker.model.system.model.ExecutionTrace records received.
12:30:26.062 [Thread for Merger-7] INFO  k.a.generic.sink.NullSink:NullSink-3 - 4 records received.
12:30:26.062 [Thread for Merger-7] INFO  k.a.generic.sink.NullSink:NullSink-3 - 4 class kieker.model.system.model.ExecutionTrace records received.
12:30:26.062 [Thread for Merger-7] INFO  k.a.generic.sink.NullSink:NullSink-3 - 5 records received.
12:30:26.062 [Thread for Merger-7] INFO  k.a.generic.sink.NullSink:NullSink-3 - 5 class kieker.model.system.model.ExecutionTrace records received.
12:30:26.062 [Thread for Merger-7] INFO  k.a.generic.sink.NullSink:NullSink-3 - 6 records received.
12:30:26.062 [Thread for Merger-7] INFO  k.a.generic.sink.NullSink:NullSink-3 - 6 class kieker.model.system.model.ExecutionTrace records received.
12:30:26.062 [Thread for Merger-7] INFO  k.a.generic.sink.NullSink:NullSink-3 - 7 records received.
12:30:26.062 [Thread for Merger-7] INFO  k.a.generic.sink.NullSink:NullSink-3 - 7 class kieker.model.system.model.ExecutionTrace records received.
12:30:26.062 [Thread for Merger-7] INFO  k.a.generic.sink.NullSink:NullSink-3 - 8 records received.
12:30:26.062 [Thread for Merger-7] INFO  k.a.generic.sink.NullSink:NullSink-3 - 8 class kieker.model.system.model.ExecutionTrace records received.
12:30:26.062 [Thread for Merger-7] INFO  k.a.generic.sink.NullSink:NullSink-3 - 9 records received.
12:30:26.062 [Thread for Merger-7] INFO  k.a.generic.sink.NullSink:NullSink-3 - 9 class kieker.model.system.model.ExecutionTrace records received.
12:30:26.062 [Thread for Merger-7] INFO  k.a.generic.sink.NullSink:NullSink-3 - 10 records received.
12:30:26.062 [Thread for Merger-7] INFO  k.a.generic.sink.NullSink:NullSink-3 - 10 class kieker.model.system.model.ExecutionTrace records received.
12:30:26.062 [Thread for Merger-7] INFO  k.a.generic.sink.NullSink:NullSink-3 - 11 records received.
12:30:26.062 [Thread for Merger-7] INFO  k.a.generic.sink.NullSink:NullSink-3 - 11 class kieker.model.system.model.ExecutionTrace records received.
12:30:26.062 [Thread for Merger-7] INFO  k.a.generic.sink.NullSink:NullSink-3 - 12 records received.
12:30:26.062 [Thread for Merger-7] INFO  k.a.generic.sink.NullSink:NullSink-3 - 12 class kieker.model.system.model.ExecutionTrace records received.
12:30:26.062 [Thread for Merger-7] INFO  k.a.generic.sink.NullSink:NullSink-3 - 13 records received.
12:30:26.062 [Thread for Merger-7] INFO  k.a.generic.sink.NullSink:NullSink-3 - 13 class kieker.model.system.model.ExecutionTrace records received.
12:30:26.062 [Thread for Merger-7] INFO  k.a.generic.sink.NullSink:NullSink-3 - 14 records received.
12:30:26.062 [Thread for Merger-7] INFO  k.a.generic.sink.NullSink:NullSink-3 - 14 class kieker.model.system.model.ExecutionTrace records received.
12:30:26.062 [Thread for Merger-7] INFO  k.a.generic.sink.NullSink:NullSink-3 - 15 records received.
12:30:26.062 [Thread for Merger-7] INFO  k.a.generic.sink.NullSink:NullSink-3 - 15 class kieker.model.system.model.ExecutionTrace records received.
12:30:26.062 [Thread for Merger-7] INFO  k.a.generic.sink.NullSink:NullSink-3 - 16 records received.
12:30:26.062 [Thread for Merger-7] INFO  k.a.generic.sink.NullSink:NullSink-3 - 16 class kieker.model.system.model.ExecutionTrace records received.
12:30:26.062 [Thread for Merger-7] INFO  k.a.generic.sink.NullSink:NullSink-3 - 17 records received.
12:30:26.062 [Thread for Merger-7] INFO  k.a.generic.sink.NullSink:NullSink-3 - 17 class kieker.model.system.model.ExecutionTrace records received.
12:30:26.062 [Thread for Merger-7] INFO  k.a.generic.sink.NullSink:NullSink-3 - 18 records received.
12:30:26.062 [Thread for Merger-7] INFO  k.a.generic.sink.NullSink:NullSink-3 - 18 class kieker.model.system.model.ExecutionTrace records received.
12:30:26.062 [Thread for Merger-7] INFO  k.a.generic.sink.NullSink:NullSink-3 - 19 records received.
12:30:26.062 [Thread for Merger-7] INFO  k.a.generic.sink.NullSink:NullSink-3 - 19 class kieker.model.system.model.ExecutionTrace records received.
12:30:26.062 [Thread for Merger-7] INFO  k.a.generic.sink.NullSink:NullSink-3 - 20 records received.
12:30:26.062 [Thread for Merger-7] INFO  k.a.generic.sink.NullSink:NullSink-3 - 20 class kieker.model.system.model.ExecutionTrace records received.
12:30:26.062 [Thread for Merger-7] INFO  k.a.generic.sink.NullSink:NullSink-3 - 21 records received.
12:30:26.062 [Thread for Merger-7] INFO  k.a.generic.sink.NullSink:NullSink-3 - 21 class kieker.model.system.model.ExecutionTrace records received.
12:30:26.062 [Thread for Merger-7] INFO  k.a.generic.sink.NullSink:NullSink-3 - 22 records received.
12:30:26.062 [Thread for Merger-7] INFO  k.a.generic.sink.NullSink:NullSink-3 - 22 class kieker.model.system.model.ExecutionTrace records received.
12:30:26.062 [Thread for Merger-7] INFO  k.a.generic.sink.NullSink:NullSink-3 - 23 records received.
12:30:26.062 [Thread for Merger-7] INFO  k.a.generic.sink.NullSink:NullSink-3 - 23 class kieker.model.system.model.ExecutionTrace records received.
12:30:26.062 [Thread for Merger-7] INFO  k.a.generic.sink.NullSink:NullSink-3 - 24 records received.
12:30:26.063 [Thread for Merger-7] INFO  k.a.generic.sink.NullSink:NullSink-3 - 24 class kieker.model.system.model.ExecutionTrace records received.
12:30:26.063 [Thread for Merger-7] INFO  k.a.generic.sink.NullSink:NullSink-3 - 25 records received.
12:30:26.063 [Thread for Merger-7] INFO  k.a.generic.sink.NullSink:NullSink-3 - 25 class kieker.model.system.model.ExecutionTrace records received.
12:30:26.063 [Thread for Merger-7] INFO  k.a.generic.sink.NullSink:NullSink-3 - 26 records received.
12:30:26.063 [Thread for Merger-7] INFO  k.a.generic.sink.NullSink:NullSink-3 - 26 class kieker.model.system.model.ExecutionTrace records received.
12:30:26.063 [Thread for Merger-7] INFO  k.a.generic.sink.NullSink:NullSink-3 - 27 records received.
12:30:26.063 [Thread for Merger-7] INFO  k.a.generic.sink.NullSink:NullSink-3 - 27 class kieker.model.system.model.ExecutionTrace records received.
12:30:26.063 [Thread for Merger-7] INFO  k.a.generic.sink.NullSink:NullSink-3 - 28 records received.
12:30:26.063 [Thread for Merger-7] INFO  k.a.generic.sink.NullSink:NullSink-3 - 28 class kieker.model.system.model.ExecutionTrace records received.
12:30:26.063 [Thread for Merger-7] INFO  k.a.generic.sink.NullSink:NullSink-3 - 29 records received.
12:30:26.063 [Thread for Merger-7] INFO  k.a.generic.sink.NullSink:NullSink-3 - 29 class kieker.model.system.model.ExecutionTrace records received.
12:30:26.063 [Thread for Merger-7] INFO  k.a.generic.sink.NullSink:NullSink-3 - 30 records received.
12:30:26.063 [Thread for Merger-7] INFO  k.a.generic.sink.NullSink:NullSink-3 - 30 class kieker.model.system.model.ExecutionTrace records received.
12:30:26.063 [Thread for Merger-7] INFO  k.a.generic.sink.NullSink:NullSink-3 - 31 records received.
12:30:26.063 [Thread for Merger-7] INFO  k.a.generic.sink.NullSink:NullSink-3 - 31 class kieker.model.system.model.ExecutionTrace records received.
12:30:26.063 [Thread for Merger-7] INFO  k.a.generic.sink.NullSink:NullSink-3 - 32 records received.
12:30:26.063 [Thread for Merger-7] INFO  k.a.generic.sink.NullSink:NullSink-3 - 32 class kieker.model.system.model.ExecutionTrace records received.
12:30:26.063 [Thread for Merger-7] INFO  k.a.generic.sink.NullSink:NullSink-3 - 33 records received.
12:30:26.063 [Thread for Merger-7] INFO  k.a.generic.sink.NullSink:NullSink-3 - 33 class kieker.model.system.model.ExecutionTrace records received.
12:30:26.063 [Thread for Merger-7] INFO  k.a.generic.sink.NullSink:NullSink-3 - 34 records received.
12:30:26.063 [Thread for Merger-7] INFO  k.a.generic.sink.NullSink:NullSink-3 - 34 class kieker.model.system.model.ExecutionTrace records received.
12:30:26.063 [Thread for Merger-7] INFO  k.a.generic.sink.NullSink:NullSink-3 - 35 records received.
12:30:26.063 [Thread for Merger-7] INFO  k.a.generic.sink.NullSink:NullSink-3 - 35 class kieker.model.system.model.ExecutionTrace records received.
12:30:26.063 [Thread for Merger-7] INFO  k.a.generic.sink.NullSink:NullSink-3 - 36 records received.
12:30:26.063 [Thread for Merger-7] INFO  k.a.generic.sink.NullSink:NullSink-3 - 36 class kieker.model.system.model.ExecutionTrace records received.
12:30:26.063 [Thread for Merger-7] INFO  k.a.generic.sink.NullSink:NullSink-3 - 37 records received.
12:30:26.063 [Thread for Merger-7] INFO  k.a.generic.sink.NullSink:NullSink-3 - 37 class kieker.model.system.model.ExecutionTrace records received.
12:30:26.063 [Thread for Merger-7] INFO  k.a.generic.sink.NullSink:NullSink-3 - 38 records received.
12:30:26.063 [Thread for Merger-7] INFO  k.a.generic.sink.NullSink:NullSink-3 - 38 class kieker.model.system.model.ExecutionTrace records received.
12:30:26.063 [Thread for Merger-7] INFO  k.a.generic.sink.NullSink:NullSink-3 - 39 records received.
12:30:26.063 [Thread for Merger-7] INFO  k.a.generic.sink.NullSink:NullSink-3 - 39 class kieker.model.system.model.ExecutionTrace records received.
12:30:26.063 [Thread for Merger-7] INFO  k.a.generic.sink.NullSink:NullSink-3 - 40 records received.
12:30:26.063 [Thread for Merger-7] INFO  k.a.generic.sink.NullSink:NullSink-3 - 40 class kieker.model.system.model.ExecutionTrace records received.
12:30:26.063 [Thread for Merger-7] INFO  k.a.generic.sink.NullSink:NullSink-3 - 41 records received.
12:30:26.063 [Thread for Merger-7] INFO  k.a.generic.sink.NullSink:NullSink-3 - 41 class kieker.model.system.model.ExecutionTrace records received.
12:30:26.063 [Thread for Merger-7] INFO  k.a.generic.sink.NullSink:NullSink-3 - 42 records received.
12:30:26.063 [Thread for Merger-7] INFO  k.a.generic.sink.NullSink:NullSink-3 - 42 class kieker.model.system.model.ExecutionTrace records received.
12:30:26.063 [Thread for Merger-7] INFO  k.a.generic.sink.NullSink:NullSink-3 - 43 records received.
12:30:26.063 [Thread for Merger-7] INFO  k.a.generic.sink.NullSink:NullSink-3 - 43 class kieker.model.system.model.ExecutionTrace records received.
12:30:26.063 [Thread for Merger-7] INFO  k.a.generic.sink.NullSink:NullSink-3 - 44 records received.
12:30:26.063 [Thread for Merger-7] INFO  k.a.generic.sink.NullSink:NullSink-3 - 44 class kieker.model.system.model.ExecutionTrace records received.
12:30:26.063 [Thread for Merger-7] INFO  k.a.generic.sink.NullSink:NullSink-3 - 45 records received.
12:30:26.063 [Thread for Merger-7] INFO  k.a.generic.sink.NullSink:NullSink-3 - 45 class kieker.model.system.model.ExecutionTrace records received.
12:30:26.063 [Thread for Merger-7] INFO  k.a.generic.sink.NullSink:NullSink-3 - 46 records received.
12:30:26.063 [Thread for Merger-7] INFO  k.a.generic.sink.NullSink:NullSink-3 - 46 class kieker.model.system.model.ExecutionTrace records received.
12:30:26.063 [Thread for Merger-7] INFO  k.a.generic.sink.NullSink:NullSink-3 - 47 records received.
12:30:26.063 [Thread for Merger-7] INFO  k.a.generic.sink.NullSink:NullSink-3 - 47 class kieker.model.system.model.ExecutionTrace records received.
12:30:26.063 [Thread for Merger-7] INFO  k.a.generic.sink.NullSink:NullSink-3 - 48 records received.
12:30:26.063 [Thread for Merger-7] INFO  k.a.generic.sink.NullSink:NullSink-3 - 48 class kieker.model.system.model.ExecutionTrace records received.
12:30:26.064 [Thread for Merger-9] INFO  k.a.generic.sink.NullSink:NullSink-5 - 2 records received.
12:30:26.064 [Thread for Merger-9] INFO  k.a.generic.sink.NullSink:NullSink-5 - 2 class kieker.model.system.model.MessageTrace records received.
12:30:26.065 [Thread for Merger-9] INFO  k.a.generic.sink.NullSink:NullSink-5 - 3 records received.
12:30:26.065 [Thread for Merger-9] INFO  k.a.generic.sink.NullSink:NullSink-5 - 3 class kieker.model.system.model.MessageTrace records received.
12:30:26.070 [Thread for Merger-7] INFO  k.a.generic.sink.NullSink:NullSink-3 - 49 records received.
12:30:26.070 [Thread for Merger-7] INFO  k.a.generic.sink.NullSink:NullSink-3 - 49 class kieker.model.system.model.ExecutionTrace records received.
12:30:26.070 [Thread for Merger-7] INFO  k.a.generic.sink.NullSink:NullSink-3 - 50 records received.
12:30:26.070 [Thread for Merger-7] INFO  k.a.generic.sink.NullSink:NullSink-3 - 50 class kieker.model.system.model.ExecutionTrace records received.
12:30:26.075 [Thread for Merger-9] INFO  k.a.generic.sink.NullSink:NullSink-5 - 4 records received.
12:30:26.075 [Thread for Merger-9] INFO  k.a.generic.sink.NullSink:NullSink-5 - 4 class kieker.model.system.model.MessageTrace records received.
12:30:26.076 [Thread for Merger-9] INFO  k.a.generic.sink.NullSink:NullSink-5 - 5 records received.
12:30:26.076 [Thread for Merger-9] INFO  k.a.generic.sink.NullSink:NullSink-5 - 5 class kieker.model.system.model.MessageTrace records received.
12:30:26.077 [Thread for Merger-9] INFO  k.a.generic.sink.NullSink:NullSink-5 - 6 records received.
12:30:26.077 [Thread for Merger-9] INFO  k.a.generic.sink.NullSink:NullSink-5 - 6 class kieker.model.system.model.MessageTrace records received.
12:30:26.077 [Thread for Merger-9] INFO  k.a.generic.sink.NullSink:NullSink-5 - 7 records received.
12:30:26.077 [Thread for Merger-9] INFO  k.a.generic.sink.NullSink:NullSink-5 - 7 class kieker.model.system.model.MessageTrace records received.
12:30:26.078 [Thread for Merger-9] INFO  k.a.generic.sink.NullSink:NullSink-5 - 8 records received.
12:30:26.078 [Thread for Merger-9] INFO  k.a.generic.sink.NullSink:NullSink-5 - 8 class kieker.model.system.model.MessageTrace records received.
12:30:26.079 [Thread for Merger-9] INFO  k.a.generic.sink.NullSink:NullSink-5 - 9 records received.
12:30:26.079 [Thread for Merger-9] INFO  k.a.generic.sink.NullSink:NullSink-5 - 9 class kieker.model.system.model.MessageTrace records received.
12:30:26.079 [Thread for Merger-9] INFO  k.a.generic.sink.NullSink:NullSink-5 - 10 records received.
12:30:26.079 [Thread for Merger-9] INFO  k.a.generic.sink.NullSink:NullSink-5 - 10 class kieker.model.system.model.MessageTrace records received.
12:30:26.080 [Thread for Merger-9] INFO  k.a.generic.sink.NullSink:NullSink-5 - 11 records received.
12:30:26.080 [Thread for Merger-9] INFO  k.a.generic.sink.NullSink:NullSink-5 - 11 class kieker.model.system.model.MessageTrace records received.
12:30:26.080 [Thread for Merger-9] INFO  k.a.generic.sink.NullSink:NullSink-5 - 12 records received.
12:30:26.080 [Thread for Merger-9] INFO  k.a.generic.sink.NullSink:NullSink-5 - 12 class kieker.model.system.model.MessageTrace records received.
12:30:26.082 [Thread for Merger-9] INFO  k.a.generic.sink.NullSink:NullSink-5 - 13 records received.
12:30:26.082 [Thread for Merger-9] INFO  k.a.generic.sink.NullSink:NullSink-5 - 13 class kieker.model.system.model.MessageTrace records received.
12:30:26.082 [Thread for Merger-9] INFO  k.a.generic.sink.NullSink:NullSink-5 - 14 records received.
12:30:26.082 [Thread for Merger-9] INFO  k.a.generic.sink.NullSink:NullSink-5 - 14 class kieker.model.system.model.MessageTrace records received.
12:30:26.083 [Thread for Merger-9] INFO  k.a.generic.sink.NullSink:NullSink-5 - 15 records received.
12:30:26.083 [Thread for Merger-9] INFO  k.a.generic.sink.NullSink:NullSink-5 - 15 class kieker.model.system.model.MessageTrace records received.
12:30:26.084 [Thread for Merger-9] INFO  k.a.generic.sink.NullSink:NullSink-5 - 16 records received.
12:30:26.084 [Thread for Merger-9] INFO  k.a.generic.sink.NullSink:NullSink-5 - 16 class kieker.model.system.model.MessageTrace records received.
12:30:26.084 [Thread for Merger-9] INFO  k.a.generic.sink.NullSink:NullSink-5 - 17 records received.
12:30:26.084 [Thread for Merger-9] INFO  k.a.generic.sink.NullSink:NullSink-5 - 17 class kieker.model.system.model.MessageTrace records received.
12:30:26.085 [Thread for Merger-9] INFO  k.a.generic.sink.NullSink:NullSink-5 - 18 records received.
12:30:26.085 [Thread for Merger-9] INFO  k.a.generic.sink.NullSink:NullSink-5 - 18 class kieker.model.system.model.MessageTrace records received.
12:30:26.086 [Thread for Merger-9] INFO  k.a.generic.sink.NullSink:NullSink-5 - 19 records received.
12:30:26.086 [Thread for Merger-9] INFO  k.a.generic.sink.NullSink:NullSink-5 - 19 class kieker.model.system.model.MessageTrace records received.
12:30:26.086 [Thread for Merger-9] INFO  k.a.generic.sink.NullSink:NullSink-5 - 20 records received.
12:30:26.087 [Thread for Merger-9] INFO  k.a.generic.sink.NullSink:NullSink-5 - 20 class kieker.model.system.model.MessageTrace records received.
12:30:26.087 [Thread for Merger-9] INFO  k.a.generic.sink.NullSink:NullSink-5 - 21 records received.
12:30:26.087 [Thread for Merger-9] INFO  k.a.generic.sink.NullSink:NullSink-5 - 21 class kieker.model.system.model.MessageTrace records received.
12:30:26.088 [Thread for Merger-9] INFO  k.a.generic.sink.NullSink:NullSink-5 - 22 records received.
12:30:26.088 [Thread for Merger-9] INFO  k.a.generic.sink.NullSink:NullSink-5 - 22 class kieker.model.system.model.MessageTrace records received.
12:30:26.088 [Thread for Merger-9] INFO  k.a.generic.sink.NullSink:NullSink-5 - 23 records received.
12:30:26.089 [Thread for Merger-9] INFO  k.a.generic.sink.NullSink:NullSink-5 - 23 class kieker.model.system.model.MessageTrace records received.
12:30:26.089 [Thread for Merger-9] INFO  k.a.generic.sink.NullSink:NullSink-5 - 24 records received.
12:30:26.089 [Thread for Merger-9] INFO  k.a.generic.sink.NullSink:NullSink-5 - 24 class kieker.model.system.model.MessageTrace records received.
12:30:26.089 [Thread for Merger-9] INFO  k.a.generic.sink.NullSink:NullSink-5 - 25 records received.
12:30:26.089 [Thread for Merger-9] INFO  k.a.generic.sink.NullSink:NullSink-5 - 25 class kieker.model.system.model.MessageTrace records received.
12:30:26.090 [Thread for Merger-9] INFO  k.a.generic.sink.NullSink:NullSink-5 - 26 records received.
12:30:26.090 [Thread for Merger-9] INFO  k.a.generic.sink.NullSink:NullSink-5 - 26 class kieker.model.system.model.MessageTrace records received.
12:30:26.090 [Thread for Merger-9] INFO  k.a.generic.sink.NullSink:NullSink-5 - 27 records received.
12:30:26.090 [Thread for Merger-9] INFO  k.a.generic.sink.NullSink:NullSink-5 - 27 class kieker.model.system.model.MessageTrace records received.
12:30:26.092 [Thread for Merger-9] INFO  k.a.generic.sink.NullSink:NullSink-5 - 28 records received.
12:30:26.092 [Thread for Merger-9] INFO  k.a.generic.sink.NullSink:NullSink-5 - 28 class kieker.model.system.model.MessageTrace records received.
12:30:26.092 [Thread for Merger-9] INFO  k.a.generic.sink.NullSink:NullSink-5 - 29 records received.
12:30:26.092 [Thread for Merger-9] INFO  k.a.generic.sink.NullSink:NullSink-5 - 29 class kieker.model.system.model.MessageTrace records received.
12:30:26.092 [Thread for Merger-9] INFO  k.a.generic.sink.NullSink:NullSink-5 - 30 records received.
12:30:26.092 [Thread for Merger-9] INFO  k.a.generic.sink.NullSink:NullSink-5 - 30 class kieker.model.system.model.MessageTrace records received.
12:30:26.094 [Thread for Merger-9] INFO  k.a.generic.sink.NullSink:NullSink-5 - 31 records received.
12:30:26.094 [Thread for Merger-9] INFO  k.a.generic.sink.NullSink:NullSink-5 - 31 class kieker.model.system.model.MessageTrace records received.
12:30:26.095 [Thread for Merger-9] INFO  k.a.generic.sink.NullSink:NullSink-5 - 32 records received.
12:30:26.095 [Thread for Merger-9] INFO  k.a.generic.sink.NullSink:NullSink-5 - 32 class kieker.model.system.model.MessageTrace records received.
12:30:26.095 [Thread for Merger-9] INFO  k.a.generic.sink.NullSink:NullSink-5 - 33 records received.
12:30:26.095 [Thread for Merger-9] INFO  k.a.generic.sink.NullSink:NullSink-5 - 33 class kieker.model.system.model.MessageTrace records received.
12:30:26.096 [Thread for Merger-9] INFO  k.a.generic.sink.NullSink:NullSink-5 - 34 records received.
12:30:26.096 [Thread for Merger-9] INFO  k.a.generic.sink.NullSink:NullSink-5 - 34 class kieker.model.system.model.MessageTrace records received.
12:30:26.096 [Thread for Merger-9] INFO  k.a.generic.sink.NullSink:NullSink-5 - 35 records received.
12:30:26.096 [Thread for Merger-9] INFO  k.a.generic.sink.NullSink:NullSink-5 - 35 class kieker.model.system.model.MessageTrace records received.
12:30:26.097 [Thread for Merger-9] INFO  k.a.generic.sink.NullSink:NullSink-5 - 36 records received.
12:30:26.097 [Thread for Merger-9] INFO  k.a.generic.sink.NullSink:NullSink-5 - 36 class kieker.model.system.model.MessageTrace records received.
12:30:26.098 [Thread for Merger-9] INFO  k.a.generic.sink.NullSink:NullSink-5 - 37 records received.
12:30:26.098 [Thread for Merger-9] INFO  k.a.generic.sink.NullSink:NullSink-5 - 37 class kieker.model.system.model.MessageTrace records received.
12:30:26.099 [Thread for Merger-9] INFO  k.a.generic.sink.NullSink:NullSink-5 - 38 records received.
12:30:26.099 [Thread for Merger-9] INFO  k.a.generic.sink.NullSink:NullSink-5 - 38 class kieker.model.system.model.MessageTrace records received.
12:30:26.099 [Thread for Merger-9] INFO  k.a.generic.sink.NullSink:NullSink-5 - 39 records received.
12:30:26.099 [Thread for Merger-9] INFO  k.a.generic.sink.NullSink:NullSink-5 - 39 class kieker.model.system.model.MessageTrace records received.
12:30:26.100 [Thread for Merger-9] INFO  k.a.generic.sink.NullSink:NullSink-5 - 40 records received.
12:30:26.100 [Thread for Merger-9] INFO  k.a.generic.sink.NullSink:NullSink-5 - 40 class kieker.model.system.model.MessageTrace records received.
12:30:26.100 [Thread for Merger-9] INFO  k.a.generic.sink.NullSink:NullSink-5 - 41 records received.
12:30:26.101 [Thread for Merger-9] INFO  k.a.generic.sink.NullSink:NullSink-5 - 41 class kieker.model.system.model.MessageTrace records received.
12:30:26.101 [Thread for Merger-9] INFO  k.a.generic.sink.NullSink:NullSink-5 - 42 records received.
12:30:26.101 [Thread for Merger-9] INFO  k.a.generic.sink.NullSink:NullSink-5 - 42 class kieker.model.system.model.MessageTrace records received.
12:30:26.102 [Thread for Merger-9] INFO  k.a.generic.sink.NullSink:NullSink-5 - 43 records received.
12:30:26.102 [Thread for Merger-9] INFO  k.a.generic.sink.NullSink:NullSink-5 - 43 class kieker.model.system.model.MessageTrace records received.
12:30:26.102 [Thread for Merger-9] INFO  k.a.generic.sink.NullSink:NullSink-5 - 44 records received.
12:30:26.104 [Thread for Merger-9] INFO  k.a.generic.sink.NullSink:NullSink-5 - 44 class kieker.model.system.model.MessageTrace records received.
12:30:26.104 [Thread for Merger-9] INFO  k.a.generic.sink.NullSink:NullSink-5 - 45 records received.
12:30:26.104 [Thread for Merger-9] INFO  k.a.generic.sink.NullSink:NullSink-5 - 45 class kieker.model.system.model.MessageTrace records received.
12:30:26.105 [Thread for Merger-9] INFO  k.a.generic.sink.NullSink:NullSink-5 - 46 records received.
12:30:26.105 [Thread for Merger-9] INFO  k.a.generic.sink.NullSink:NullSink-5 - 46 class kieker.model.system.model.MessageTrace records received.
12:30:26.106 [Thread for Merger-9] INFO  k.a.generic.sink.NullSink:NullSink-5 - 47 records received.
12:30:26.106 [Thread for Merger-9] INFO  k.a.generic.sink.NullSink:NullSink-5 - 47 class kieker.model.system.model.MessageTrace records received.
12:30:26.112 [Thread for Merger-9] INFO  k.a.generic.sink.NullSink:NullSink-5 - 48 records received.
12:30:26.112 [Thread for Merger-9] INFO  k.a.generic.sink.NullSink:NullSink-5 - 48 class kieker.model.system.model.MessageTrace records received.
12:30:26.119 [Thread for Merger-9] INFO  k.a.generic.sink.NullSink:NullSink-5 - 49 records received.
12:30:26.119 [Thread for Merger-9] INFO  k.a.generic.sink.NullSink:NullSink-5 - 49 class kieker.model.system.model.MessageTrace records received.
12:30:26.859 [Thread for Merger-9] INFO  k.a.generic.sink.NullSink:NullSink-5 - 50 records received.
12:30:26.859 [Thread for Merger-9] INFO  k.a.generic.sink.NullSink:NullSink-5 - 50 class kieker.model.system.model.MessageTrace records received.
12:31:22.982 [Thread-5] INFO  t.f.s.p.A3PipeInstantiation - Unconnected port teetime.framework.OutputPort@11fbf27d in stage DynamicEventDispatcher-2
12:31:22.982 [Thread-5] INFO  t.f.s.p.A3PipeInstantiation - Unconnected port teetime.framework.OutputPort@3f02fa05 in stage TraceIdFilter-2
12:31:22.982 [Thread-5] INFO  t.f.s.p.A3PipeInstantiation - Unconnected port teetime.framework.OutputPort@60c4cddf in stage Merger-11
12:31:22.982 [Thread-5] INFO  t.f.s.p.A3PipeInstantiation - Unconnected port teetime.framework.OutputPort@6fcf733c in stage InstanceOfFilter-11
12:31:22.984 [Thread-5] WARN  k.a.a.t.TraceIdFilter:TraceIdFilter-2 - Received more than one signal - teetime.framework.signal.ValidatingSignal@2ed07f71 - from input port: teetime.framework.InputPort@3c3ba14b
12:31:22.984 [Thread-5] WARN  k.a.a.t.TraceIdFilter:TraceIdFilter-2 - Received more than one signal - teetime.framework.signal.ValidatingSignal@2ed07f71 - from input port: teetime.framework.InputPort@3c3ba14b
12:31:22.984 [Thread-5] WARN  k.a.a.t.TraceIdFilter:TraceIdFilter-2 - Received more than one signal - teetime.framework.signal.ValidatingSignal@2ed07f71 - from input port: teetime.framework.InputPort@3c3ba14b
12:31:23.308 [Thread for KiekerDirectoryScannerStage-2] INFO  k.a.g.DynamicEventDispatcher:DynamicEventDispatcher-2 - Records processed in total 0.
12:31:23.309 [Thread for Merger-14] INFO  k.a.generic.sink.NullSink:NullSink-8 - 1 records received.
12:31:23.309 [Thread for Merger-12] INFO  k.a.generic.sink.NullSink:NullSink-6 - 1 records received.
12:31:23.309 [Thread for Merger-14] INFO  k.a.generic.sink.NullSink:NullSink-8 - 1 class kieker.model.system.model.MessageTrace records received.
12:31:23.309 [Thread for Merger-12] INFO  k.a.generic.sink.NullSink:NullSink-6 - 1 class kieker.model.system.model.ExecutionTrace records received.
12:31:23.309 [Thread for Merger-12] INFO  k.a.generic.sink.NullSink:NullSink-6 - 2 records received.
12:31:23.309 [Thread for Merger-12] INFO  k.a.generic.sink.NullSink:NullSink-6 - 2 class kieker.model.system.model.ExecutionTrace records received.
12:31:23.309 [Thread for Merger-12] INFO  k.a.generic.sink.NullSink:NullSink-6 - 3 records received.
12:31:23.309 [Thread for Merger-12] INFO  k.a.generic.sink.NullSink:NullSink-6 - 3 class kieker.model.system.model.ExecutionTrace records received.
12:31:23.309 [Thread for Merger-12] INFO  k.a.generic.sink.NullSink:NullSink-6 - 4 records received.
12:31:23.309 [Thread for Merger-12] INFO  k.a.generic.sink.NullSink:NullSink-6 - 4 class kieker.model.system.model.ExecutionTrace records received.
12:31:23.309 [Thread for Merger-12] INFO  k.a.generic.sink.NullSink:NullSink-6 - 5 records received.
12:31:23.309 [Thread for Merger-12] INFO  k.a.generic.sink.NullSink:NullSink-6 - 5 class kieker.model.system.model.ExecutionTrace records received.
12:31:23.309 [Thread for Merger-12] INFO  k.a.generic.sink.NullSink:NullSink-6 - 6 records received.
12:31:23.309 [Thread for Merger-12] INFO  k.a.generic.sink.NullSink:NullSink-6 - 6 class kieker.model.system.model.ExecutionTrace records received.
12:31:23.309 [Thread for Merger-12] INFO  k.a.generic.sink.NullSink:NullSink-6 - 7 records received.
12:31:23.309 [Thread for Merger-12] INFO  k.a.generic.sink.NullSink:NullSink-6 - 7 class kieker.model.system.model.ExecutionTrace records received.
12:31:23.309 [Thread for Merger-12] INFO  k.a.generic.sink.NullSink:NullSink-6 - 8 records received.
12:31:23.309 [Thread for Merger-12] INFO  k.a.generic.sink.NullSink:NullSink-6 - 8 class kieker.model.system.model.ExecutionTrace records received.
12:31:23.309 [Thread for Merger-12] INFO  k.a.generic.sink.NullSink:NullSink-6 - 9 records received.
12:31:23.309 [Thread for Merger-12] INFO  k.a.generic.sink.NullSink:NullSink-6 - 9 class kieker.model.system.model.ExecutionTrace records received.
12:31:23.309 [Thread for Merger-12] INFO  k.a.generic.sink.NullSink:NullSink-6 - 10 records received.
12:31:23.309 [Thread for Merger-12] INFO  k.a.generic.sink.NullSink:NullSink-6 - 10 class kieker.model.system.model.ExecutionTrace records received.
12:31:23.309 [Thread for Merger-12] INFO  k.a.generic.sink.NullSink:NullSink-6 - 11 records received.
12:31:23.309 [Thread for Merger-12] INFO  k.a.generic.sink.NullSink:NullSink-6 - 11 class kieker.model.system.model.ExecutionTrace records received.
12:31:23.309 [Thread for Merger-12] INFO  k.a.generic.sink.NullSink:NullSink-6 - 12 records received.
12:31:23.309 [Thread for Merger-12] INFO  k.a.generic.sink.NullSink:NullSink-6 - 12 class kieker.model.system.model.ExecutionTrace records received.
12:31:23.309 [Thread for Merger-12] INFO  k.a.generic.sink.NullSink:NullSink-6 - 13 records received.
12:31:23.309 [Thread for Merger-12] INFO  k.a.generic.sink.NullSink:NullSink-6 - 13 class kieker.model.system.model.ExecutionTrace records received.
12:31:23.309 [Thread for Merger-12] INFO  k.a.generic.sink.NullSink:NullSink-6 - 14 records received.
12:31:23.309 [Thread for Merger-12] INFO  k.a.generic.sink.NullSink:NullSink-6 - 14 class kieker.model.system.model.ExecutionTrace records received.
12:31:23.309 [Thread for Merger-12] INFO  k.a.generic.sink.NullSink:NullSink-6 - 15 records received.
12:31:23.309 [Thread for Merger-12] INFO  k.a.generic.sink.NullSink:NullSink-6 - 15 class kieker.model.system.model.ExecutionTrace records received.
12:31:23.309 [Thread for Merger-12] INFO  k.a.generic.sink.NullSink:NullSink-6 - 16 records received.
12:31:23.309 [Thread for Merger-12] INFO  k.a.generic.sink.NullSink:NullSink-6 - 16 class kieker.model.system.model.ExecutionTrace records received.
12:31:23.309 [Thread for Merger-12] INFO  k.a.generic.sink.NullSink:NullSink-6 - 17 records received.
12:31:23.309 [Thread for Merger-12] INFO  k.a.generic.sink.NullSink:NullSink-6 - 17 class kieker.model.system.model.ExecutionTrace records received.
12:31:23.309 [Thread for Merger-12] INFO  k.a.generic.sink.NullSink:NullSink-6 - 18 records received.
12:31:23.309 [Thread for Merger-12] INFO  k.a.generic.sink.NullSink:NullSink-6 - 18 class kieker.model.system.model.ExecutionTrace records received.
12:31:23.309 [Thread for Merger-12] INFO  k.a.generic.sink.NullSink:NullSink-6 - 19 records received.
12:31:23.309 [Thread for Merger-12] INFO  k.a.generic.sink.NullSink:NullSink-6 - 19 class kieker.model.system.model.ExecutionTrace records received.
12:31:23.309 [Thread for Merger-12] INFO  k.a.generic.sink.NullSink:NullSink-6 - 20 records received.
12:31:23.309 [Thread for Merger-12] INFO  k.a.generic.sink.NullSink:NullSink-6 - 20 class kieker.model.system.model.ExecutionTrace records received.
12:31:23.309 [Thread for Merger-12] INFO  k.a.generic.sink.NullSink:NullSink-6 - 21 records received.
12:31:23.309 [Thread for Merger-12] INFO  k.a.generic.sink.NullSink:NullSink-6 - 21 class kieker.model.system.model.ExecutionTrace records received.
12:31:23.309 [Thread for Merger-12] INFO  k.a.generic.sink.NullSink:NullSink-6 - 22 records received.
12:31:23.309 [Thread for Merger-12] INFO  k.a.generic.sink.NullSink:NullSink-6 - 22 class kieker.model.system.model.ExecutionTrace records received.
12:31:23.309 [Thread for Merger-12] INFO  k.a.generic.sink.NullSink:NullSink-6 - 23 records received.
12:31:23.309 [Thread for Merger-12] INFO  k.a.generic.sink.NullSink:NullSink-6 - 23 class kieker.model.system.model.ExecutionTrace records received.
12:31:23.310 [Thread for Merger-12] INFO  k.a.generic.sink.NullSink:NullSink-6 - 24 records received.
12:31:23.310 [Thread for Merger-12] INFO  k.a.generic.sink.NullSink:NullSink-6 - 24 class kieker.model.system.model.ExecutionTrace records received.
12:31:23.310 [Thread for Merger-12] INFO  k.a.generic.sink.NullSink:NullSink-6 - 25 records received.
12:31:23.310 [Thread for Merger-12] INFO  k.a.generic.sink.NullSink:NullSink-6 - 25 class kieker.model.system.model.ExecutionTrace records received.
12:31:23.310 [Thread for Merger-12] INFO  k.a.generic.sink.NullSink:NullSink-6 - 26 records received.
12:31:23.310 [Thread for Merger-12] INFO  k.a.generic.sink.NullSink:NullSink-6 - 26 class kieker.model.system.model.ExecutionTrace records received.
12:31:23.310 [Thread for Merger-12] INFO  k.a.generic.sink.NullSink:NullSink-6 - 27 records received.
12:31:23.310 [Thread for Merger-12] INFO  k.a.generic.sink.NullSink:NullSink-6 - 27 class kieker.model.system.model.ExecutionTrace records received.
12:31:23.310 [Thread for Merger-12] INFO  k.a.generic.sink.NullSink:NullSink-6 - 28 records received.
12:31:23.310 [Thread for Merger-12] INFO  k.a.generic.sink.NullSink:NullSink-6 - 28 class kieker.model.system.model.ExecutionTrace records received.
12:31:23.310 [Thread for Merger-12] INFO  k.a.generic.sink.NullSink:NullSink-6 - 29 records received.
12:31:23.310 [Thread for Merger-12] INFO  k.a.generic.sink.NullSink:NullSink-6 - 29 class kieker.model.system.model.ExecutionTrace records received.
12:31:23.310 [Thread for Merger-12] INFO  k.a.generic.sink.NullSink:NullSink-6 - 30 records received.
12:31:23.310 [Thread for Merger-12] INFO  k.a.generic.sink.NullSink:NullSink-6 - 30 class kieker.model.system.model.ExecutionTrace records received.
12:31:23.310 [Thread for Merger-12] INFO  k.a.generic.sink.NullSink:NullSink-6 - 31 records received.
12:31:23.310 [Thread for Merger-12] INFO  k.a.generic.sink.NullSink:NullSink-6 - 31 class kieker.model.system.model.ExecutionTrace records received.
12:31:23.310 [Thread for Merger-12] INFO  k.a.generic.sink.NullSink:NullSink-6 - 32 records received.
12:31:23.310 [Thread for Merger-12] INFO  k.a.generic.sink.NullSink:NullSink-6 - 32 class kieker.model.system.model.ExecutionTrace records received.
12:31:23.310 [Thread for Merger-12] INFO  k.a.generic.sink.NullSink:NullSink-6 - 33 records received.
12:31:23.310 [Thread for Merger-12] INFO  k.a.generic.sink.NullSink:NullSink-6 - 33 class kieker.model.system.model.ExecutionTrace records received.
12:31:23.310 [Thread for Merger-12] INFO  k.a.generic.sink.NullSink:NullSink-6 - 34 records received.
12:31:23.310 [Thread for Merger-12] INFO  k.a.generic.sink.NullSink:NullSink-6 - 34 class kieker.model.system.model.ExecutionTrace records received.
12:31:23.310 [Thread for Merger-12] INFO  k.a.generic.sink.NullSink:NullSink-6 - 35 records received.
12:31:23.310 [Thread for Merger-12] INFO  k.a.generic.sink.NullSink:NullSink-6 - 35 class kieker.model.system.model.ExecutionTrace records received.
12:31:23.310 [Thread for Merger-12] INFO  k.a.generic.sink.NullSink:NullSink-6 - 36 records received.
12:31:23.310 [Thread for Merger-12] INFO  k.a.generic.sink.NullSink:NullSink-6 - 36 class kieker.model.system.model.ExecutionTrace records received.
12:31:23.310 [Thread for Merger-12] INFO  k.a.generic.sink.NullSink:NullSink-6 - 37 records received.
12:31:23.310 [Thread for Merger-12] INFO  k.a.generic.sink.NullSink:NullSink-6 - 37 class kieker.model.system.model.ExecutionTrace records received.
12:31:23.310 [Thread for Merger-12] INFO  k.a.generic.sink.NullSink:NullSink-6 - 38 records received.
12:31:23.310 [Thread for Merger-12] INFO  k.a.generic.sink.NullSink:NullSink-6 - 38 class kieker.model.system.model.ExecutionTrace records received.
12:31:23.310 [Thread for Merger-12] INFO  k.a.generic.sink.NullSink:NullSink-6 - 39 records received.
12:31:23.310 [Thread for Merger-12] INFO  k.a.generic.sink.NullSink:NullSink-6 - 39 class kieker.model.system.model.ExecutionTrace records received.
12:31:23.310 [Thread for Merger-12] INFO  k.a.generic.sink.NullSink:NullSink-6 - 40 records received.
12:31:23.310 [Thread for Merger-12] INFO  k.a.generic.sink.NullSink:NullSink-6 - 40 class kieker.model.system.model.ExecutionTrace records received.
12:31:23.310 [Thread for Merger-12] INFO  k.a.generic.sink.NullSink:NullSink-6 - 41 records received.
12:31:23.310 [Thread for Merger-12] INFO  k.a.generic.sink.NullSink:NullSink-6 - 41 class kieker.model.system.model.ExecutionTrace records received.
12:31:23.310 [Thread for Merger-12] INFO  k.a.generic.sink.NullSink:NullSink-6 - 42 records received.
12:31:23.310 [Thread for Merger-12] INFO  k.a.generic.sink.NullSink:NullSink-6 - 42 class kieker.model.system.model.ExecutionTrace records received.
12:31:23.310 [Thread for Merger-12] INFO  k.a.generic.sink.NullSink:NullSink-6 - 43 records received.
12:31:23.310 [Thread for Merger-12] INFO  k.a.generic.sink.NullSink:NullSink-6 - 43 class kieker.model.system.model.ExecutionTrace records received.
12:31:23.310 [Thread for Merger-12] INFO  k.a.generic.sink.NullSink:NullSink-6 - 44 records received.
12:31:23.310 [Thread for Merger-12] INFO  k.a.generic.sink.NullSink:NullSink-6 - 44 class kieker.model.system.model.ExecutionTrace records received.
12:31:23.310 [Thread for Merger-12] INFO  k.a.generic.sink.NullSink:NullSink-6 - 45 records received.
12:31:23.310 [Thread for Merger-12] INFO  k.a.generic.sink.NullSink:NullSink-6 - 45 class kieker.model.system.model.ExecutionTrace records received.
12:31:23.310 [Thread for Merger-12] INFO  k.a.generic.sink.NullSink:NullSink-6 - 46 records received.
12:31:23.310 [Thread for Merger-12] INFO  k.a.generic.sink.NullSink:NullSink-6 - 46 class kieker.model.system.model.ExecutionTrace records received.
12:31:23.310 [Thread for Merger-12] INFO  k.a.generic.sink.NullSink:NullSink-6 - 47 records received.
12:31:23.310 [Thread for Merger-12] INFO  k.a.generic.sink.NullSink:NullSink-6 - 47 class kieker.model.system.model.ExecutionTrace records received.
12:31:23.310 [Thread for Merger-12] INFO  k.a.generic.sink.NullSink:NullSink-6 - 48 records received.
12:31:23.310 [Thread for Merger-12] INFO  k.a.generic.sink.NullSink:NullSink-6 - 48 class kieker.model.system.model.ExecutionTrace records received.
12:31:23.317 [Thread for Merger-12] INFO  k.a.generic.sink.NullSink:NullSink-6 - 49 records received.
12:31:23.317 [Thread for Merger-12] INFO  k.a.generic.sink.NullSink:NullSink-6 - 49 class kieker.model.system.model.ExecutionTrace records received.
12:31:23.317 [Thread for Merger-12] INFO  k.a.generic.sink.NullSink:NullSink-6 - 50 records received.
12:31:23.317 [Thread for Merger-12] INFO  k.a.generic.sink.NullSink:NullSink-6 - 50 class kieker.model.system.model.ExecutionTrace records received.
12:31:23.345 [Thread for Merger-14] INFO  k.a.generic.sink.NullSink:NullSink-8 - 2 records received.
12:31:23.345 [Thread for Merger-14] INFO  k.a.generic.sink.NullSink:NullSink-8 - 2 class kieker.model.system.model.MessageTrace records received.
12:31:23.377 [Thread for Merger-14] INFO  k.a.generic.sink.NullSink:NullSink-8 - 3 records received.
12:31:23.377 [Thread for Merger-14] INFO  k.a.generic.sink.NullSink:NullSink-8 - 3 class kieker.model.system.model.MessageTrace records received.
12:31:23.520 [Thread for Merger-14] INFO  k.a.generic.sink.NullSink:NullSink-8 - 4 records received.
12:31:23.520 [Thread for Merger-14] INFO  k.a.generic.sink.NullSink:NullSink-8 - 4 class kieker.model.system.model.MessageTrace records received.
12:31:23.553 [Thread for Merger-14] INFO  k.a.generic.sink.NullSink:NullSink-8 - 5 records received.
12:31:23.553 [Thread for Merger-14] INFO  k.a.generic.sink.NullSink:NullSink-8 - 5 class kieker.model.system.model.MessageTrace records received.
12:31:23.584 [Thread for Merger-14] INFO  k.a.generic.sink.NullSink:NullSink-8 - 6 records received.
12:31:23.584 [Thread for Merger-14] INFO  k.a.generic.sink.NullSink:NullSink-8 - 6 class kieker.model.system.model.MessageTrace records received.
12:31:23.617 [Thread for Merger-14] INFO  k.a.generic.sink.NullSink:NullSink-8 - 7 records received.
12:31:23.617 [Thread for Merger-14] INFO  k.a.generic.sink.NullSink:NullSink-8 - 7 class kieker.model.system.model.MessageTrace records received.
12:31:23.651 [Thread for Merger-14] INFO  k.a.generic.sink.NullSink:NullSink-8 - 8 records received.
12:31:23.651 [Thread for Merger-14] INFO  k.a.generic.sink.NullSink:NullSink-8 - 8 class kieker.model.system.model.MessageTrace records received.
12:31:23.687 [Thread for Merger-14] INFO  k.a.generic.sink.NullSink:NullSink-8 - 9 records received.
12:31:23.687 [Thread for Merger-14] INFO  k.a.generic.sink.NullSink:NullSink-8 - 9 class kieker.model.system.model.MessageTrace records received.
12:31:23.720 [Thread for Merger-14] INFO  k.a.generic.sink.NullSink:NullSink-8 - 10 records received.
12:31:23.720 [Thread for Merger-14] INFO  k.a.generic.sink.NullSink:NullSink-8 - 10 class kieker.model.system.model.MessageTrace records received.
12:31:23.752 [Thread for Merger-14] INFO  k.a.generic.sink.NullSink:NullSink-8 - 11 records received.
12:31:23.752 [Thread for Merger-14] INFO  k.a.generic.sink.NullSink:NullSink-8 - 11 class kieker.model.system.model.MessageTrace records received.
12:31:23.894 [Thread for Merger-14] INFO  k.a.generic.sink.NullSink:NullSink-8 - 12 records received.
12:31:23.894 [Thread for Merger-14] INFO  k.a.generic.sink.NullSink:NullSink-8 - 12 class kieker.model.system.model.MessageTrace records received.
12:31:23.927 [Thread for Merger-14] INFO  k.a.generic.sink.NullSink:NullSink-8 - 13 records received.
12:31:23.927 [Thread for Merger-14] INFO  k.a.generic.sink.NullSink:NullSink-8 - 13 class kieker.model.system.model.MessageTrace records received.
12:31:23.960 [Thread for Merger-14] INFO  k.a.generic.sink.NullSink:NullSink-8 - 14 records received.
12:31:23.960 [Thread for Merger-14] INFO  k.a.generic.sink.NullSink:NullSink-8 - 14 class kieker.model.system.model.MessageTrace records received.
12:31:24.001 [Thread for Merger-14] INFO  k.a.generic.sink.NullSink:NullSink-8 - 15 records received.
12:31:24.001 [Thread for Merger-14] INFO  k.a.generic.sink.NullSink:NullSink-8 - 15 class kieker.model.system.model.MessageTrace records received.
12:31:24.141 [Thread for Merger-14] INFO  k.a.generic.sink.NullSink:NullSink-8 - 16 records received.
12:31:24.141 [Thread for Merger-14] INFO  k.a.generic.sink.NullSink:NullSink-8 - 16 class kieker.model.system.model.MessageTrace records received.
12:31:24.184 [Thread for Merger-14] INFO  k.a.generic.sink.NullSink:NullSink-8 - 17 records received.
12:31:24.184 [Thread for Merger-14] INFO  k.a.generic.sink.NullSink:NullSink-8 - 17 class kieker.model.system.model.MessageTrace records received.
12:31:24.222 [Thread for Merger-14] INFO  k.a.generic.sink.NullSink:NullSink-8 - 18 records received.
12:31:24.222 [Thread for Merger-14] INFO  k.a.generic.sink.NullSink:NullSink-8 - 18 class kieker.model.system.model.MessageTrace records received.
12:31:24.256 [Thread for Merger-14] INFO  k.a.generic.sink.NullSink:NullSink-8 - 19 records received.
12:31:24.256 [Thread for Merger-14] INFO  k.a.generic.sink.NullSink:NullSink-8 - 19 class kieker.model.system.model.MessageTrace records received.
12:31:24.289 [Thread for Merger-14] INFO  k.a.generic.sink.NullSink:NullSink-8 - 20 records received.
12:31:24.289 [Thread for Merger-14] INFO  k.a.generic.sink.NullSink:NullSink-8 - 20 class kieker.model.system.model.MessageTrace records received.
12:31:24.321 [Thread for Merger-14] INFO  k.a.generic.sink.NullSink:NullSink-8 - 21 records received.
12:31:24.321 [Thread for Merger-14] INFO  k.a.generic.sink.NullSink:NullSink-8 - 21 class kieker.model.system.model.MessageTrace records received.
12:31:24.352 [Thread for Merger-14] INFO  k.a.generic.sink.NullSink:NullSink-8 - 22 records received.
12:31:24.353 [Thread for Merger-14] INFO  k.a.generic.sink.NullSink:NullSink-8 - 22 class kieker.model.system.model.MessageTrace records received.
12:31:24.384 [Thread for Merger-14] INFO  k.a.generic.sink.NullSink:NullSink-8 - 23 records received.
12:31:24.384 [Thread for Merger-14] INFO  k.a.generic.sink.NullSink:NullSink-8 - 23 class kieker.model.system.model.MessageTrace records received.
12:31:24.420 [Thread for Merger-14] INFO  k.a.generic.sink.NullSink:NullSink-8 - 24 records received.
12:31:24.420 [Thread for Merger-14] INFO  k.a.generic.sink.NullSink:NullSink-8 - 24 class kieker.model.system.model.MessageTrace records received.
12:31:24.460 [Thread for Merger-14] INFO  k.a.generic.sink.NullSink:NullSink-8 - 25 records received.
12:31:24.460 [Thread for Merger-14] INFO  k.a.generic.sink.NullSink:NullSink-8 - 25 class kieker.model.system.model.MessageTrace records received.
12:31:24.500 [Thread for Merger-14] INFO  k.a.generic.sink.NullSink:NullSink-8 - 26 records received.
12:31:24.500 [Thread for Merger-14] INFO  k.a.generic.sink.NullSink:NullSink-8 - 26 class kieker.model.system.model.MessageTrace records received.
12:31:24.541 [Thread for Merger-14] INFO  k.a.generic.sink.NullSink:NullSink-8 - 27 records received.
12:31:24.541 [Thread for Merger-14] INFO  k.a.generic.sink.NullSink:NullSink-8 - 27 class kieker.model.system.model.MessageTrace records received.
12:31:24.579 [Thread for Merger-14] INFO  k.a.generic.sink.NullSink:NullSink-8 - 28 records received.
12:31:24.579 [Thread for Merger-14] INFO  k.a.generic.sink.NullSink:NullSink-8 - 28 class kieker.model.system.model.MessageTrace records received.
12:31:24.614 [Thread for Merger-14] INFO  k.a.generic.sink.NullSink:NullSink-8 - 29 records received.
12:31:24.614 [Thread for Merger-14] INFO  k.a.generic.sink.NullSink:NullSink-8 - 29 class kieker.model.system.model.MessageTrace records received.
12:31:24.651 [Thread for Merger-14] INFO  k.a.generic.sink.NullSink:NullSink-8 - 30 records received.
12:31:24.651 [Thread for Merger-14] INFO  k.a.generic.sink.NullSink:NullSink-8 - 30 class kieker.model.system.model.MessageTrace records received.
12:31:24.691 [Thread for Merger-14] INFO  k.a.generic.sink.NullSink:NullSink-8 - 31 records received.
12:31:24.691 [Thread for Merger-14] INFO  k.a.generic.sink.NullSink:NullSink-8 - 31 class kieker.model.system.model.MessageTrace records received.
12:31:24.727 [Thread for Merger-14] INFO  k.a.generic.sink.NullSink:NullSink-8 - 32 records received.
12:31:24.727 [Thread for Merger-14] INFO  k.a.generic.sink.NullSink:NullSink-8 - 32 class kieker.model.system.model.MessageTrace records received.
12:31:24.774 [Thread for Merger-14] INFO  k.a.generic.sink.NullSink:NullSink-8 - 33 records received.
12:31:24.774 [Thread for Merger-14] INFO  k.a.generic.sink.NullSink:NullSink-8 - 33 class kieker.model.system.model.MessageTrace records received.
12:31:24.810 [Thread for Merger-14] INFO  k.a.generic.sink.NullSink:NullSink-8 - 34 records received.
12:31:24.810 [Thread for Merger-14] INFO  k.a.generic.sink.NullSink:NullSink-8 - 34 class kieker.model.system.model.MessageTrace records received.
12:31:24.845 [Thread for Merger-14] INFO  k.a.generic.sink.NullSink:NullSink-8 - 35 records received.
12:31:24.845 [Thread for Merger-14] INFO  k.a.generic.sink.NullSink:NullSink-8 - 35 class kieker.model.system.model.MessageTrace records received.
12:31:24.879 [Thread for Merger-14] INFO  k.a.generic.sink.NullSink:NullSink-8 - 36 records received.
12:31:24.879 [Thread for Merger-14] INFO  k.a.generic.sink.NullSink:NullSink-8 - 36 class kieker.model.system.model.MessageTrace records received.
12:31:24.912 [Thread for Merger-14] INFO  k.a.generic.sink.NullSink:NullSink-8 - 37 records received.
12:31:24.912 [Thread for Merger-14] INFO  k.a.generic.sink.NullSink:NullSink-8 - 37 class kieker.model.system.model.MessageTrace records received.
12:31:24.946 [Thread for Merger-14] INFO  k.a.generic.sink.NullSink:NullSink-8 - 38 records received.
12:31:24.946 [Thread for Merger-14] INFO  k.a.generic.sink.NullSink:NullSink-8 - 38 class kieker.model.system.model.MessageTrace records received.
12:31:24.978 [Thread for Merger-14] INFO  k.a.generic.sink.NullSink:NullSink-8 - 39 records received.
12:31:24.979 [Thread for Merger-14] INFO  k.a.generic.sink.NullSink:NullSink-8 - 39 class kieker.model.system.model.MessageTrace records received.
12:31:25.011 [Thread for Merger-14] INFO  k.a.generic.sink.NullSink:NullSink-8 - 40 records received.
12:31:25.011 [Thread for Merger-14] INFO  k.a.generic.sink.NullSink:NullSink-8 - 40 class kieker.model.system.model.MessageTrace records received.
12:31:25.043 [Thread for Merger-14] INFO  k.a.generic.sink.NullSink:NullSink-8 - 41 records received.
12:31:25.043 [Thread for Merger-14] INFO  k.a.generic.sink.NullSink:NullSink-8 - 41 class kieker.model.system.model.MessageTrace records received.
12:31:25.075 [Thread for Merger-14] INFO  k.a.generic.sink.NullSink:NullSink-8 - 42 records received.
12:31:25.075 [Thread for Merger-14] INFO  k.a.generic.sink.NullSink:NullSink-8 - 42 class kieker.model.system.model.MessageTrace records received.
12:31:25.106 [Thread for Merger-14] INFO  k.a.generic.sink.NullSink:NullSink-8 - 43 records received.
12:31:25.106 [Thread for Merger-14] INFO  k.a.generic.sink.NullSink:NullSink-8 - 43 class kieker.model.system.model.MessageTrace records received.
12:31:25.139 [Thread for Merger-14] INFO  k.a.generic.sink.NullSink:NullSink-8 - 44 records received.
12:31:25.139 [Thread for Merger-14] INFO  k.a.generic.sink.NullSink:NullSink-8 - 44 class kieker.model.system.model.MessageTrace records received.
12:31:25.172 [Thread for Merger-14] INFO  k.a.generic.sink.NullSink:NullSink-8 - 45 records received.
12:31:25.172 [Thread for Merger-14] INFO  k.a.generic.sink.NullSink:NullSink-8 - 45 class kieker.model.system.model.MessageTrace records received.
12:31:25.207 [Thread for Merger-14] INFO  k.a.generic.sink.NullSink:NullSink-8 - 46 records received.
12:31:25.207 [Thread for Merger-14] INFO  k.a.generic.sink.NullSink:NullSink-8 - 46 class kieker.model.system.model.MessageTrace records received.
12:31:25.241 [Thread for Merger-14] INFO  k.a.generic.sink.NullSink:NullSink-8 - 47 records received.
12:31:25.241 [Thread for Merger-14] INFO  k.a.generic.sink.NullSink:NullSink-8 - 47 class kieker.model.system.model.MessageTrace records received.
12:31:25.294 [Thread for Merger-14] WARN  t.f.e.TerminatingExceptionListener - Exception occurred in PlantUMLFileGenerator-1
java.lang.UnsupportedOperationException: PDF
	at net.atmp.ImageBuilder.createUGraphic(ImageBuilder.java:408)
	at net.atmp.ImageBuilder.writeImageInternal(ImageBuilder.java:262)
	at net.atmp.ImageBuilder.write(ImageBuilder.java:238)
	at net.sourceforge.plantuml.directdot.PSystemDot.exportDiagramNow(PSystemDot.java:89)
	at net.sourceforge.plantuml.AbstractPSystem.exportDiagram(AbstractPSystem.java:216)
	at net.sourceforge.plantuml.SourceStringReader.outputImage(SourceStringReader.java:189)
	at net.sourceforge.plantuml.SourceStringReader.outputImage(SourceStringReader.java:147)
	at kieker.visualization.trace.plantuml.PlantUMLFileGenerator.generateImage(PlantUMLFileGenerator.java:111)
	at kieker.visualization.trace.plantuml.PlantUMLFileGenerator.generate(PlantUMLFileGenerator.java:92)
	at kieker.visualization.trace.plantuml.PlantUMLFileGenerator.execute(PlantUMLFileGenerator.java:83)
	at kieker.visualization.trace.plantuml.PlantUMLFileGenerator.execute(PlantUMLFileGenerator.java:46)
	at teetime.framework.AbstractConsumerStage.execute(AbstractConsumerStage.java:50)
	at teetime.framework.AbstractStage.executeWithCatchedExceptions(AbstractStage.java:220)
	at teetime.framework.AbstractStage.executeByFramework(AbstractStage.java:214)
	at teetime.framework.scheduling.pushpullmodel.A3PipeInstantiation.onElementAdded(A3PipeInstantiation.java:99)
	at teetime.framework.pipe.UnsynchedPipe.add(UnsynchedPipe.java:38)
	at teetime.framework.OutputPort.send(OutputPort.java:54)
	at kieker.visualization.trace.call.tree.plantuml.PlantUMLTraceCallTreeFilter.execute(PlantUMLTraceCallTreeFilter.java:111)
	at kieker.visualization.trace.call.tree.plantuml.PlantUMLTraceCallTreeFilter.execute(PlantUMLTraceCallTreeFilter.java:48)
	at teetime.framework.AbstractConsumerStage.execute(AbstractConsumerStage.java:50)
	at teetime.framework.AbstractStage.executeWithCatchedExceptions(AbstractStage.java:220)
	at teetime.framework.AbstractStage.executeByFramework(AbstractStage.java:214)
	at teetime.framework.scheduling.pushpullmodel.A3PipeInstantiation.onElementAdded(A3PipeInstantiation.java:99)
	at teetime.framework.pipe.UnsynchedPipe.add(UnsynchedPipe.java:38)
	at teetime.framework.OutputPort.send(OutputPort.java:54)
	at teetime.stage.basic.distributor.strategy.CopyByReferenceStrategy.distribute(CopyByReferenceStrategy.java:33)
	at teetime.stage.basic.distributor.Distributor.execute(Distributor.java:72)
	at teetime.framework.AbstractConsumerStage.execute(AbstractConsumerStage.java:50)
	at teetime.framework.AbstractStage.executeWithCatchedExceptions(AbstractStage.java:220)
	at teetime.framework.AbstractStage.executeByFramework(AbstractStage.java:214)
	at teetime.framework.scheduling.pushpullmodel.A3PipeInstantiation.onElementAdded(A3PipeInstantiation.java:99)
	at teetime.framework.pipe.UnsynchedPipe.add(UnsynchedPipe.java:38)
	at teetime.framework.OutputPort.send(OutputPort.java:54)
	at teetime.stage.basic.merger.Merger.execute(Merger.java:84)
	at teetime.framework.AbstractStage.executeWithCatchedExceptions(AbstractStage.java:220)
	at teetime.framework.AbstractStage.executeByFramework(AbstractStage.java:214)
	at teetime.framework.StageFacade.runStage(StageFacade.java:76)
	at teetime.framework.scheduling.pushpullmodel.AbstractRunnableStage.run(AbstractRunnableStage.java:56)
	at java.base/java.lang.Thread.run(Unknown Source)
	at teetime.framework.scheduling.pushpullmodel.TeeTimeThread.run(TeeTimeThread.java:46)
12:31:25.387 [Thread for Merger-14] ERROR k.v.t.plantuml.PlantUMLFileGenerator - Failed to merge PDF files
java.io.IOException: Error: End-of-File, expected line at offset 195
	at org.apache.pdfbox.pdfparser.BaseParser.readLine(BaseParser.java:1108)
	at org.apache.pdfbox.pdfparser.COSParser.parseHeader(COSParser.java:2650)
	at org.apache.pdfbox.pdfparser.COSParser.parsePDFHeader(COSParser.java:2629)
	at org.apache.pdfbox.pdfparser.PDFParser.parse(PDFParser.java:219)
	at org.apache.pdfbox.pdmodel.PDDocument.load(PDDocument.java:1109)
	at org.apache.pdfbox.pdmodel.PDDocument.load(PDDocument.java:1092)
	at org.apache.pdfbox.pdmodel.PDDocument.load(PDDocument.java:1016)
	at org.apache.pdfbox.multipdf.PDFMergerUtility.legacyMergeDocuments(PDFMergerUtility.java:453)
	at org.apache.pdfbox.multipdf.PDFMergerUtility.mergeDocuments(PDFMergerUtility.java:347)
	at kieker.visualization.trace.plantuml.PlantUMLFileGenerator.mergePdfFiles(PlantUMLFileGenerator.java:163)
	at kieker.visualization.trace.plantuml.PlantUMLFileGenerator.onTerminating(PlantUMLFileGenerator.java:119)
	at teetime.framework.StageFacade.onTerminating(StageFacade.java:130)
	at teetime.framework.signal.TerminatingSignal.trigger(TerminatingSignal.java:29)
	at teetime.framework.AbstractStage.onSignal(AbstractStage.java:350)
	at teetime.framework.pipe.AbstractUnsynchedPipe.sendSignal(AbstractUnsynchedPipe.java:42)
	at teetime.framework.OutputPort.sendSignal(OutputPort.java:81)
	at teetime.framework.AbstractStage.onSignal(AbstractStage.java:353)
	at teetime.framework.pipe.AbstractUnsynchedPipe.sendSignal(AbstractUnsynchedPipe.java:42)
	at teetime.framework.OutputPort.sendSignal(OutputPort.java:81)
	at teetime.framework.AbstractStage.onSignal(AbstractStage.java:353)
	at teetime.framework.pipe.AbstractUnsynchedPipe.sendSignal(AbstractUnsynchedPipe.java:42)
	at teetime.framework.OutputPort.sendSignal(OutputPort.java:81)
	at teetime.framework.AbstractStage.onSignal(AbstractStage.java:353)
	at teetime.framework.scheduling.pushpullmodel.RunnableConsumerStage.afterStageExecution(RunnableConsumerStage.java:48)
	at teetime.framework.scheduling.pushpullmodel.AbstractRunnableStage.run(AbstractRunnableStage.java:61)
	at java.base/java.lang.Thread.run(Unknown Source)
	at teetime.framework.scheduling.pushpullmodel.TeeTimeThread.run(TeeTimeThread.java:46)
12:31:25.388 [Thread for Merger-14] ERROR teetime.stage.basic.merger.Merger - Terminating thread due to the following exception: 
java.lang.IllegalStateException: Illegal state change from TERMINATED to TERMINATING
	at teetime.framework.AbstractStage.changeState(AbstractStage.java:398)
	at teetime.framework.AbstractStage.terminateStageByFramework(AbstractStage.java:679)
	at teetime.framework.AbstractStage.abort(AbstractStage.java:683)
	at teetime.framework.StageFacade.abort(StageFacade.java:38)
	at teetime.framework.scheduling.pushpullmodel.PushPullScheduling.abortStages(PushPullScheduling.java:196)
	at teetime.framework.scheduling.pushpullmodel.PushPullScheduling.onTerminate(PushPullScheduling.java:190)
	at teetime.framework.StageFacade.runStage(StageFacade.java:80)
	at teetime.framework.scheduling.pushpullmodel.AbstractRunnableStage.run(AbstractRunnableStage.java:56)
	at java.base/java.lang.Thread.run(Unknown Source)
	at teetime.framework.scheduling.pushpullmodel.TeeTimeThread.run(TeeTimeThread.java:46)
12:40:35.468 [Thread-7] INFO  t.f.s.p.A3PipeInstantiation - Unconnected port teetime.framework.OutputPort@64a68dad in stage DynamicEventDispatcher-3
12:40:35.468 [Thread-7] INFO  t.f.s.p.A3PipeInstantiation - Unconnected port teetime.framework.OutputPort@432f8b80 in stage TraceIdFilter-3
12:40:35.468 [Thread-7] INFO  t.f.s.p.A3PipeInstantiation - Unconnected port teetime.framework.OutputPort@3208792a in stage Merger-16
12:40:35.468 [Thread-7] INFO  t.f.s.p.A3PipeInstantiation - Unconnected port teetime.framework.OutputPort@3c10b982 in stage InstanceOfFilter-15
12:40:35.468 [Thread-7] WARN  k.a.a.t.TraceIdFilter:TraceIdFilter-3 - Received more than one signal - teetime.framework.signal.ValidatingSignal@e26b406 - from input port: teetime.framework.InputPort@3b4e67b3
12:40:35.468 [Thread-7] WARN  k.a.a.t.TraceIdFilter:TraceIdFilter-3 - Received more than one signal - teetime.framework.signal.ValidatingSignal@e26b406 - from input port: teetime.framework.InputPort@3b4e67b3
12:40:35.468 [Thread-7] WARN  k.a.a.t.TraceIdFilter:TraceIdFilter-3 - Received more than one signal - teetime.framework.signal.ValidatingSignal@e26b406 - from input port: teetime.framework.InputPort@3b4e67b3
12:40:35.915 [Thread for KiekerDirectoryScannerStage-3] INFO  k.a.g.DynamicEventDispatcher:DynamicEventDispatcher-3 - Records processed in total 0.
12:40:35.915 [Thread for Merger-17] INFO  k.a.generic.sink.NullSink:NullSink-9 - 1 records received.
12:40:35.915 [Thread for Merger-19] INFO  k.a.g.sink.NullSink:NullSink-11 - 1 records received.
12:40:35.915 [Thread for Merger-17] INFO  k.a.generic.sink.NullSink:NullSink-9 - 1 class kieker.model.system.model.ExecutionTrace records received.
12:40:35.915 [Thread for Merger-19] INFO  k.a.g.sink.NullSink:NullSink-11 - 1 class kieker.model.system.model.MessageTrace records received.
12:40:35.915 [Thread for Merger-17] INFO  k.a.generic.sink.NullSink:NullSink-9 - 2 records received.
12:40:35.915 [Thread for Merger-17] INFO  k.a.generic.sink.NullSink:NullSink-9 - 2 class kieker.model.system.model.ExecutionTrace records received.
12:40:35.915 [Thread for Merger-17] INFO  k.a.generic.sink.NullSink:NullSink-9 - 3 records received.
12:40:35.916 [Thread for Merger-17] INFO  k.a.generic.sink.NullSink:NullSink-9 - 3 class kieker.model.system.model.ExecutionTrace records received.
12:40:35.916 [Thread for Merger-17] INFO  k.a.generic.sink.NullSink:NullSink-9 - 4 records received.
12:40:35.916 [Thread for Merger-17] INFO  k.a.generic.sink.NullSink:NullSink-9 - 4 class kieker.model.system.model.ExecutionTrace records received.
12:40:35.916 [Thread for Merger-17] INFO  k.a.generic.sink.NullSink:NullSink-9 - 5 records received.
12:40:35.916 [Thread for Merger-17] INFO  k.a.generic.sink.NullSink:NullSink-9 - 5 class kieker.model.system.model.ExecutionTrace records received.
12:40:35.916 [Thread for Merger-17] INFO  k.a.generic.sink.NullSink:NullSink-9 - 6 records received.
12:40:35.916 [Thread for Merger-17] INFO  k.a.generic.sink.NullSink:NullSink-9 - 6 class kieker.model.system.model.ExecutionTrace records received.
12:40:35.916 [Thread for Merger-17] INFO  k.a.generic.sink.NullSink:NullSink-9 - 7 records received.
12:40:35.916 [Thread for Merger-17] INFO  k.a.generic.sink.NullSink:NullSink-9 - 7 class kieker.model.system.model.ExecutionTrace records received.
12:40:35.916 [Thread for Merger-17] INFO  k.a.generic.sink.NullSink:NullSink-9 - 8 records received.
12:40:35.916 [Thread for Merger-17] INFO  k.a.generic.sink.NullSink:NullSink-9 - 8 class kieker.model.system.model.ExecutionTrace records received.
12:40:35.916 [Thread for Merger-17] INFO  k.a.generic.sink.NullSink:NullSink-9 - 9 records received.
12:40:35.916 [Thread for Merger-17] INFO  k.a.generic.sink.NullSink:NullSink-9 - 9 class kieker.model.system.model.ExecutionTrace records received.
12:40:35.916 [Thread for Merger-17] INFO  k.a.generic.sink.NullSink:NullSink-9 - 10 records received.
12:40:35.916 [Thread for Merger-17] INFO  k.a.generic.sink.NullSink:NullSink-9 - 10 class kieker.model.system.model.ExecutionTrace records received.
12:40:35.916 [Thread for Merger-17] INFO  k.a.generic.sink.NullSink:NullSink-9 - 11 records received.
12:40:35.916 [Thread for Merger-17] INFO  k.a.generic.sink.NullSink:NullSink-9 - 11 class kieker.model.system.model.ExecutionTrace records received.
12:40:35.916 [Thread for Merger-17] INFO  k.a.generic.sink.NullSink:NullSink-9 - 12 records received.
12:40:35.916 [Thread for Merger-17] INFO  k.a.generic.sink.NullSink:NullSink-9 - 12 class kieker.model.system.model.ExecutionTrace records received.
12:40:35.916 [Thread for Merger-17] INFO  k.a.generic.sink.NullSink:NullSink-9 - 13 records received.
12:40:35.916 [Thread for Merger-17] INFO  k.a.generic.sink.NullSink:NullSink-9 - 13 class kieker.model.system.model.ExecutionTrace records received.
12:40:35.916 [Thread for Merger-17] INFO  k.a.generic.sink.NullSink:NullSink-9 - 14 records received.
12:40:35.916 [Thread for Merger-17] INFO  k.a.generic.sink.NullSink:NullSink-9 - 14 class kieker.model.system.model.ExecutionTrace records received.
12:40:35.916 [Thread for Merger-17] INFO  k.a.generic.sink.NullSink:NullSink-9 - 15 records received.
12:40:35.916 [Thread for Merger-17] INFO  k.a.generic.sink.NullSink:NullSink-9 - 15 class kieker.model.system.model.ExecutionTrace records received.
12:40:35.916 [Thread for Merger-17] INFO  k.a.generic.sink.NullSink:NullSink-9 - 16 records received.
12:40:35.916 [Thread for Merger-17] INFO  k.a.generic.sink.NullSink:NullSink-9 - 16 class kieker.model.system.model.ExecutionTrace records received.
12:40:35.916 [Thread for Merger-17] INFO  k.a.generic.sink.NullSink:NullSink-9 - 17 records received.
12:40:35.916 [Thread for Merger-17] INFO  k.a.generic.sink.NullSink:NullSink-9 - 17 class kieker.model.system.model.ExecutionTrace records received.
12:40:35.916 [Thread for Merger-17] INFO  k.a.generic.sink.NullSink:NullSink-9 - 18 records received.
12:40:35.916 [Thread for Merger-17] INFO  k.a.generic.sink.NullSink:NullSink-9 - 18 class kieker.model.system.model.ExecutionTrace records received.
12:40:35.916 [Thread for Merger-17] INFO  k.a.generic.sink.NullSink:NullSink-9 - 19 records received.
12:40:35.916 [Thread for Merger-17] INFO  k.a.generic.sink.NullSink:NullSink-9 - 19 class kieker.model.system.model.ExecutionTrace records received.
12:40:35.916 [Thread for Merger-17] INFO  k.a.generic.sink.NullSink:NullSink-9 - 20 records received.
12:40:35.916 [Thread for Merger-17] INFO  k.a.generic.sink.NullSink:NullSink-9 - 20 class kieker.model.system.model.ExecutionTrace records received.
12:40:35.916 [Thread for Merger-17] INFO  k.a.generic.sink.NullSink:NullSink-9 - 21 records received.
12:40:35.916 [Thread for Merger-17] INFO  k.a.generic.sink.NullSink:NullSink-9 - 21 class kieker.model.system.model.ExecutionTrace records received.
12:40:35.916 [Thread for Merger-17] INFO  k.a.generic.sink.NullSink:NullSink-9 - 22 records received.
12:40:35.916 [Thread for Merger-17] INFO  k.a.generic.sink.NullSink:NullSink-9 - 22 class kieker.model.system.model.ExecutionTrace records received.
12:40:35.916 [Thread for Merger-17] INFO  k.a.generic.sink.NullSink:NullSink-9 - 23 records received.
12:40:35.916 [Thread for Merger-17] INFO  k.a.generic.sink.NullSink:NullSink-9 - 23 class kieker.model.system.model.ExecutionTrace records received.
12:40:35.917 [Thread for Merger-17] INFO  k.a.generic.sink.NullSink:NullSink-9 - 24 records received.
12:40:35.917 [Thread for Merger-17] INFO  k.a.generic.sink.NullSink:NullSink-9 - 24 class kieker.model.system.model.ExecutionTrace records received.
12:40:35.917 [Thread for Merger-17] INFO  k.a.generic.sink.NullSink:NullSink-9 - 25 records received.
12:40:35.917 [Thread for Merger-17] INFO  k.a.generic.sink.NullSink:NullSink-9 - 25 class kieker.model.system.model.ExecutionTrace records received.
12:40:35.917 [Thread for Merger-17] INFO  k.a.generic.sink.NullSink:NullSink-9 - 26 records received.
12:40:35.917 [Thread for Merger-17] INFO  k.a.generic.sink.NullSink:NullSink-9 - 26 class kieker.model.system.model.ExecutionTrace records received.
12:40:35.917 [Thread for Merger-17] INFO  k.a.generic.sink.NullSink:NullSink-9 - 27 records received.
12:40:35.917 [Thread for Merger-17] INFO  k.a.generic.sink.NullSink:NullSink-9 - 27 class kieker.model.system.model.ExecutionTrace records received.
12:40:35.917 [Thread for Merger-17] INFO  k.a.generic.sink.NullSink:NullSink-9 - 28 records received.
12:40:35.917 [Thread for Merger-17] INFO  k.a.generic.sink.NullSink:NullSink-9 - 28 class kieker.model.system.model.ExecutionTrace records received.
12:40:35.917 [Thread for Merger-17] INFO  k.a.generic.sink.NullSink:NullSink-9 - 29 records received.
12:40:35.917 [Thread for Merger-17] INFO  k.a.generic.sink.NullSink:NullSink-9 - 29 class kieker.model.system.model.ExecutionTrace records received.
12:40:35.917 [Thread for Merger-17] INFO  k.a.generic.sink.NullSink:NullSink-9 - 30 records received.
12:40:35.917 [Thread for Merger-17] INFO  k.a.generic.sink.NullSink:NullSink-9 - 30 class kieker.model.system.model.ExecutionTrace records received.
12:40:35.917 [Thread for Merger-17] INFO  k.a.generic.sink.NullSink:NullSink-9 - 31 records received.
12:40:35.917 [Thread for Merger-17] INFO  k.a.generic.sink.NullSink:NullSink-9 - 31 class kieker.model.system.model.ExecutionTrace records received.
12:40:35.917 [Thread for Merger-17] INFO  k.a.generic.sink.NullSink:NullSink-9 - 32 records received.
12:40:35.917 [Thread for Merger-17] INFO  k.a.generic.sink.NullSink:NullSink-9 - 32 class kieker.model.system.model.ExecutionTrace records received.
12:40:35.917 [Thread for Merger-17] INFO  k.a.generic.sink.NullSink:NullSink-9 - 33 records received.
12:40:35.917 [Thread for Merger-17] INFO  k.a.generic.sink.NullSink:NullSink-9 - 33 class kieker.model.system.model.ExecutionTrace records received.
12:40:35.917 [Thread for Merger-17] INFO  k.a.generic.sink.NullSink:NullSink-9 - 34 records received.
12:40:35.917 [Thread for Merger-17] INFO  k.a.generic.sink.NullSink:NullSink-9 - 34 class kieker.model.system.model.ExecutionTrace records received.
12:40:35.917 [Thread for Merger-17] INFO  k.a.generic.sink.NullSink:NullSink-9 - 35 records received.
12:40:35.917 [Thread for Merger-17] INFO  k.a.generic.sink.NullSink:NullSink-9 - 35 class kieker.model.system.model.ExecutionTrace records received.
12:40:35.917 [Thread for Merger-17] INFO  k.a.generic.sink.NullSink:NullSink-9 - 36 records received.
12:40:35.917 [Thread for Merger-17] INFO  k.a.generic.sink.NullSink:NullSink-9 - 36 class kieker.model.system.model.ExecutionTrace records received.
12:40:35.917 [Thread for Merger-17] INFO  k.a.generic.sink.NullSink:NullSink-9 - 37 records received.
12:40:35.917 [Thread for Merger-17] INFO  k.a.generic.sink.NullSink:NullSink-9 - 37 class kieker.model.system.model.ExecutionTrace records received.
12:40:35.917 [Thread for Merger-17] INFO  k.a.generic.sink.NullSink:NullSink-9 - 38 records received.
12:40:35.917 [Thread for Merger-17] INFO  k.a.generic.sink.NullSink:NullSink-9 - 38 class kieker.model.system.model.ExecutionTrace records received.
12:40:35.917 [Thread for Merger-17] INFO  k.a.generic.sink.NullSink:NullSink-9 - 39 records received.
12:40:35.917 [Thread for Merger-17] INFO  k.a.generic.sink.NullSink:NullSink-9 - 39 class kieker.model.system.model.ExecutionTrace records received.
12:40:35.917 [Thread for Merger-17] INFO  k.a.generic.sink.NullSink:NullSink-9 - 40 records received.
12:40:35.917 [Thread for Merger-17] INFO  k.a.generic.sink.NullSink:NullSink-9 - 40 class kieker.model.system.model.ExecutionTrace records received.
12:40:35.917 [Thread for Merger-17] INFO  k.a.generic.sink.NullSink:NullSink-9 - 41 records received.
12:40:35.917 [Thread for Merger-17] INFO  k.a.generic.sink.NullSink:NullSink-9 - 41 class kieker.model.system.model.ExecutionTrace records received.
12:40:35.917 [Thread for Merger-17] INFO  k.a.generic.sink.NullSink:NullSink-9 - 42 records received.
12:40:35.917 [Thread for Merger-17] INFO  k.a.generic.sink.NullSink:NullSink-9 - 42 class kieker.model.system.model.ExecutionTrace records received.
12:40:35.917 [Thread for Merger-17] INFO  k.a.generic.sink.NullSink:NullSink-9 - 43 records received.
12:40:35.917 [Thread for Merger-17] INFO  k.a.generic.sink.NullSink:NullSink-9 - 43 class kieker.model.system.model.ExecutionTrace records received.
12:40:35.917 [Thread for Merger-17] INFO  k.a.generic.sink.NullSink:NullSink-9 - 44 records received.
12:40:35.917 [Thread for Merger-17] INFO  k.a.generic.sink.NullSink:NullSink-9 - 44 class kieker.model.system.model.ExecutionTrace records received.
12:40:35.917 [Thread for Merger-17] INFO  k.a.generic.sink.NullSink:NullSink-9 - 45 records received.
12:40:35.917 [Thread for Merger-17] INFO  k.a.generic.sink.NullSink:NullSink-9 - 45 class kieker.model.system.model.ExecutionTrace records received.
12:40:35.917 [Thread for Merger-17] INFO  k.a.generic.sink.NullSink:NullSink-9 - 46 records received.
12:40:35.917 [Thread for Merger-17] INFO  k.a.generic.sink.NullSink:NullSink-9 - 46 class kieker.model.system.model.ExecutionTrace records received.
12:40:35.917 [Thread for Merger-17] INFO  k.a.generic.sink.NullSink:NullSink-9 - 47 records received.
12:40:35.917 [Thread for Merger-17] INFO  k.a.generic.sink.NullSink:NullSink-9 - 47 class kieker.model.system.model.ExecutionTrace records received.
12:40:35.917 [Thread for Merger-17] INFO  k.a.generic.sink.NullSink:NullSink-9 - 48 records received.
12:40:35.917 [Thread for Merger-17] INFO  k.a.generic.sink.NullSink:NullSink-9 - 48 class kieker.model.system.model.ExecutionTrace records received.
12:40:35.923 [Thread for Merger-17] INFO  k.a.generic.sink.NullSink:NullSink-9 - 49 records received.
12:40:35.923 [Thread for Merger-17] INFO  k.a.generic.sink.NullSink:NullSink-9 - 49 class kieker.model.system.model.ExecutionTrace records received.
12:40:35.923 [Thread for Merger-17] INFO  k.a.generic.sink.NullSink:NullSink-9 - 50 records received.
12:40:35.923 [Thread for Merger-17] INFO  k.a.generic.sink.NullSink:NullSink-9 - 50 class kieker.model.system.model.ExecutionTrace records received.
12:40:35.955 [Thread for Merger-19] INFO  k.a.g.sink.NullSink:NullSink-11 - 2 records received.
12:40:35.955 [Thread for Merger-19] INFO  k.a.g.sink.NullSink:NullSink-11 - 2 class kieker.model.system.model.MessageTrace records received.
12:40:35.989 [Thread for Merger-19] INFO  k.a.g.sink.NullSink:NullSink-11 - 3 records received.
12:40:35.989 [Thread for Merger-19] INFO  k.a.g.sink.NullSink:NullSink-11 - 3 class kieker.model.system.model.MessageTrace records received.
12:40:36.023 [Thread for Merger-19] INFO  k.a.g.sink.NullSink:NullSink-11 - 4 records received.
12:40:36.023 [Thread for Merger-19] INFO  k.a.g.sink.NullSink:NullSink-11 - 4 class kieker.model.system.model.MessageTrace records received.
12:40:36.056 [Thread for Merger-19] INFO  k.a.g.sink.NullSink:NullSink-11 - 5 records received.
12:40:36.056 [Thread for Merger-19] INFO  k.a.g.sink.NullSink:NullSink-11 - 5 class kieker.model.system.model.MessageTrace records received.
12:40:36.090 [Thread for Merger-19] INFO  k.a.g.sink.NullSink:NullSink-11 - 6 records received.
12:40:36.091 [Thread for Merger-19] INFO  k.a.g.sink.NullSink:NullSink-11 - 6 class kieker.model.system.model.MessageTrace records received.
12:40:36.124 [Thread for Merger-19] INFO  k.a.g.sink.NullSink:NullSink-11 - 7 records received.
12:40:36.124 [Thread for Merger-19] INFO  k.a.g.sink.NullSink:NullSink-11 - 7 class kieker.model.system.model.MessageTrace records received.
12:40:36.158 [Thread for Merger-19] INFO  k.a.g.sink.NullSink:NullSink-11 - 8 records received.
12:40:36.158 [Thread for Merger-19] INFO  k.a.g.sink.NullSink:NullSink-11 - 8 class kieker.model.system.model.MessageTrace records received.
12:40:36.192 [Thread for Merger-19] INFO  k.a.g.sink.NullSink:NullSink-11 - 9 records received.
12:40:36.192 [Thread for Merger-19] INFO  k.a.g.sink.NullSink:NullSink-11 - 9 class kieker.model.system.model.MessageTrace records received.
12:40:36.224 [Thread for Merger-19] INFO  k.a.g.sink.NullSink:NullSink-11 - 10 records received.
12:40:36.224 [Thread for Merger-19] INFO  k.a.g.sink.NullSink:NullSink-11 - 10 class kieker.model.system.model.MessageTrace records received.
12:40:36.257 [Thread for Merger-19] INFO  k.a.g.sink.NullSink:NullSink-11 - 11 records received.
12:40:36.257 [Thread for Merger-19] INFO  k.a.g.sink.NullSink:NullSink-11 - 11 class kieker.model.system.model.MessageTrace records received.
12:40:36.300 [Thread for Merger-19] INFO  k.a.g.sink.NullSink:NullSink-11 - 12 records received.
12:40:36.300 [Thread for Merger-19] INFO  k.a.g.sink.NullSink:NullSink-11 - 12 class kieker.model.system.model.MessageTrace records received.
12:40:36.334 [Thread for Merger-19] INFO  k.a.g.sink.NullSink:NullSink-11 - 13 records received.
12:40:36.334 [Thread for Merger-19] INFO  k.a.g.sink.NullSink:NullSink-11 - 13 class kieker.model.system.model.MessageTrace records received.
12:40:36.479 [Thread for Merger-19] INFO  k.a.g.sink.NullSink:NullSink-11 - 14 records received.
12:40:36.479 [Thread for Merger-19] INFO  k.a.g.sink.NullSink:NullSink-11 - 14 class kieker.model.system.model.MessageTrace records received.
12:40:36.514 [Thread for Merger-19] INFO  k.a.g.sink.NullSink:NullSink-11 - 15 records received.
12:40:36.515 [Thread for Merger-19] INFO  k.a.g.sink.NullSink:NullSink-11 - 15 class kieker.model.system.model.MessageTrace records received.
12:40:36.549 [Thread for Merger-19] INFO  k.a.g.sink.NullSink:NullSink-11 - 16 records received.
12:40:36.549 [Thread for Merger-19] INFO  k.a.g.sink.NullSink:NullSink-11 - 16 class kieker.model.system.model.MessageTrace records received.
12:40:36.693 [Thread for Merger-19] INFO  k.a.g.sink.NullSink:NullSink-11 - 17 records received.
12:40:36.693 [Thread for Merger-19] INFO  k.a.g.sink.NullSink:NullSink-11 - 17 class kieker.model.system.model.MessageTrace records received.
12:40:36.728 [Thread for Merger-19] INFO  k.a.g.sink.NullSink:NullSink-11 - 18 records received.
12:40:36.728 [Thread for Merger-19] INFO  k.a.g.sink.NullSink:NullSink-11 - 18 class kieker.model.system.model.MessageTrace records received.
12:40:36.762 [Thread for Merger-19] INFO  k.a.g.sink.NullSink:NullSink-11 - 19 records received.
12:40:36.762 [Thread for Merger-19] INFO  k.a.g.sink.NullSink:NullSink-11 - 19 class kieker.model.system.model.MessageTrace records received.
12:40:36.798 [Thread for Merger-19] INFO  k.a.g.sink.NullSink:NullSink-11 - 20 records received.
12:40:36.798 [Thread for Merger-19] INFO  k.a.g.sink.NullSink:NullSink-11 - 20 class kieker.model.system.model.MessageTrace records received.
12:40:36.831 [Thread for Merger-19] INFO  k.a.g.sink.NullSink:NullSink-11 - 21 records received.
12:40:36.833 [Thread for Merger-19] INFO  k.a.g.sink.NullSink:NullSink-11 - 21 class kieker.model.system.model.MessageTrace records received.
12:40:36.870 [Thread for Merger-19] INFO  k.a.g.sink.NullSink:NullSink-11 - 22 records received.
12:40:36.870 [Thread for Merger-19] INFO  k.a.g.sink.NullSink:NullSink-11 - 22 class kieker.model.system.model.MessageTrace records received.
12:40:36.906 [Thread for Merger-19] INFO  k.a.g.sink.NullSink:NullSink-11 - 23 records received.
12:40:36.906 [Thread for Merger-19] INFO  k.a.g.sink.NullSink:NullSink-11 - 23 class kieker.model.system.model.MessageTrace records received.
12:40:36.941 [Thread for Merger-19] INFO  k.a.g.sink.NullSink:NullSink-11 - 24 records received.
12:40:36.941 [Thread for Merger-19] INFO  k.a.g.sink.NullSink:NullSink-11 - 24 class kieker.model.system.model.MessageTrace records received.
12:40:36.978 [Thread for Merger-19] INFO  k.a.g.sink.NullSink:NullSink-11 - 25 records received.
12:40:36.978 [Thread for Merger-19] INFO  k.a.g.sink.NullSink:NullSink-11 - 25 class kieker.model.system.model.MessageTrace records received.
12:40:37.014 [Thread for Merger-19] INFO  k.a.g.sink.NullSink:NullSink-11 - 26 records received.
12:40:37.014 [Thread for Merger-19] INFO  k.a.g.sink.NullSink:NullSink-11 - 26 class kieker.model.system.model.MessageTrace records received.
12:40:37.050 [Thread for Merger-19] INFO  k.a.g.sink.NullSink:NullSink-11 - 27 records received.
12:40:37.050 [Thread for Merger-19] INFO  k.a.g.sink.NullSink:NullSink-11 - 27 class kieker.model.system.model.MessageTrace records received.
12:40:37.083 [Thread for Merger-19] INFO  k.a.g.sink.NullSink:NullSink-11 - 28 records received.
12:40:37.083 [Thread for Merger-19] INFO  k.a.g.sink.NullSink:NullSink-11 - 28 class kieker.model.system.model.MessageTrace records received.
12:40:37.116 [Thread for Merger-19] INFO  k.a.g.sink.NullSink:NullSink-11 - 29 records received.
12:40:37.116 [Thread for Merger-19] INFO  k.a.g.sink.NullSink:NullSink-11 - 29 class kieker.model.system.model.MessageTrace records received.
12:40:37.151 [Thread for Merger-19] INFO  k.a.g.sink.NullSink:NullSink-11 - 30 records received.
12:40:37.151 [Thread for Merger-19] INFO  k.a.g.sink.NullSink:NullSink-11 - 30 class kieker.model.system.model.MessageTrace records received.
12:40:37.185 [Thread for Merger-19] INFO  k.a.g.sink.NullSink:NullSink-11 - 31 records received.
12:40:37.185 [Thread for Merger-19] INFO  k.a.g.sink.NullSink:NullSink-11 - 31 class kieker.model.system.model.MessageTrace records received.
12:40:37.219 [Thread for Merger-19] INFO  k.a.g.sink.NullSink:NullSink-11 - 32 records received.
12:40:37.219 [Thread for Merger-19] INFO  k.a.g.sink.NullSink:NullSink-11 - 32 class kieker.model.system.model.MessageTrace records received.
12:40:37.254 [Thread for Merger-19] INFO  k.a.g.sink.NullSink:NullSink-11 - 33 records received.
12:40:37.254 [Thread for Merger-19] INFO  k.a.g.sink.NullSink:NullSink-11 - 33 class kieker.model.system.model.MessageTrace records received.
12:40:37.292 [Thread for Merger-19] INFO  k.a.g.sink.NullSink:NullSink-11 - 34 records received.
12:40:37.292 [Thread for Merger-19] INFO  k.a.g.sink.NullSink:NullSink-11 - 34 class kieker.model.system.model.MessageTrace records received.
12:40:37.330 [Thread for Merger-19] INFO  k.a.g.sink.NullSink:NullSink-11 - 35 records received.
12:40:37.330 [Thread for Merger-19] INFO  k.a.g.sink.NullSink:NullSink-11 - 35 class kieker.model.system.model.MessageTrace records received.
12:40:37.370 [Thread for Merger-19] INFO  k.a.g.sink.NullSink:NullSink-11 - 36 records received.
12:40:37.370 [Thread for Merger-19] INFO  k.a.g.sink.NullSink:NullSink-11 - 36 class kieker.model.system.model.MessageTrace records received.
12:40:37.407 [Thread for Merger-19] INFO  k.a.g.sink.NullSink:NullSink-11 - 37 records received.
12:40:37.407 [Thread for Merger-19] INFO  k.a.g.sink.NullSink:NullSink-11 - 37 class kieker.model.system.model.MessageTrace records received.
12:40:37.443 [Thread for Merger-19] INFO  k.a.g.sink.NullSink:NullSink-11 - 38 records received.
12:40:37.443 [Thread for Merger-19] INFO  k.a.g.sink.NullSink:NullSink-11 - 38 class kieker.model.system.model.MessageTrace records received.
12:40:37.478 [Thread for Merger-19] INFO  k.a.g.sink.NullSink:NullSink-11 - 39 records received.
12:40:37.478 [Thread for Merger-19] INFO  k.a.g.sink.NullSink:NullSink-11 - 39 class kieker.model.system.model.MessageTrace records received.
12:40:37.511 [Thread for Merger-19] INFO  k.a.g.sink.NullSink:NullSink-11 - 40 records received.
12:40:37.511 [Thread for Merger-19] INFO  k.a.g.sink.NullSink:NullSink-11 - 40 class kieker.model.system.model.MessageTrace records received.
12:40:37.544 [Thread for Merger-19] INFO  k.a.g.sink.NullSink:NullSink-11 - 41 records received.
12:40:37.544 [Thread for Merger-19] INFO  k.a.g.sink.NullSink:NullSink-11 - 41 class kieker.model.system.model.MessageTrace records received.
12:40:37.581 [Thread for Merger-19] INFO  k.a.g.sink.NullSink:NullSink-11 - 42 records received.
12:40:37.581 [Thread for Merger-19] INFO  k.a.g.sink.NullSink:NullSink-11 - 42 class kieker.model.system.model.MessageTrace records received.
12:40:37.616 [Thread for Merger-19] INFO  k.a.g.sink.NullSink:NullSink-11 - 43 records received.
12:40:37.617 [Thread for Merger-19] INFO  k.a.g.sink.NullSink:NullSink-11 - 43 class kieker.model.system.model.MessageTrace records received.
12:40:37.651 [Thread for Merger-19] INFO  k.a.g.sink.NullSink:NullSink-11 - 44 records received.
12:40:37.651 [Thread for Merger-19] INFO  k.a.g.sink.NullSink:NullSink-11 - 44 class kieker.model.system.model.MessageTrace records received.
12:40:37.792 [Thread for Merger-19] INFO  k.a.g.sink.NullSink:NullSink-11 - 45 records received.
12:40:37.792 [Thread for Merger-19] INFO  k.a.g.sink.NullSink:NullSink-11 - 45 class kieker.model.system.model.MessageTrace records received.
12:40:37.829 [Thread for Merger-19] INFO  k.a.g.sink.NullSink:NullSink-11 - 46 records received.
12:40:37.829 [Thread for Merger-19] INFO  k.a.g.sink.NullSink:NullSink-11 - 46 class kieker.model.system.model.MessageTrace records received.
12:40:37.865 [Thread for Merger-19] INFO  k.a.g.sink.NullSink:NullSink-11 - 47 records received.
12:40:37.865 [Thread for Merger-19] INFO  k.a.g.sink.NullSink:NullSink-11 - 47 class kieker.model.system.model.MessageTrace records received.
12:40:38.095 [Thread for Merger-19] INFO  k.a.g.sink.NullSink:NullSink-11 - 48 records received.
12:40:38.095 [Thread for Merger-19] INFO  k.a.g.sink.NullSink:NullSink-11 - 48 class kieker.model.system.model.MessageTrace records received.
12:40:38.161 [Thread for Merger-19] INFO  k.a.g.sink.NullSink:NullSink-11 - 49 records received.
12:40:38.162 [Thread for Merger-19] INFO  k.a.g.sink.NullSink:NullSink-11 - 49 class kieker.model.system.model.MessageTrace records received.
12:41:52.906 [Thread for Merger-19] INFO  k.a.g.sink.NullSink:NullSink-11 - 50 records received.
12:41:52.907 [Thread for Merger-19] INFO  k.a.g.sink.NullSink:NullSink-11 - 50 class kieker.model.system.model.MessageTrace records received.
12:57:41.288 [Thread-9] INFO  t.f.s.p.A3PipeInstantiation - Unconnected port teetime.framework.OutputPort@390dda8 in stage DynamicEventDispatcher-4
12:57:41.289 [Thread-9] INFO  t.f.s.p.A3PipeInstantiation - Unconnected port teetime.framework.OutputPort@2cf060e3 in stage TraceIdFilter-4
12:57:41.289 [Thread-9] INFO  t.f.s.p.A3PipeInstantiation - Unconnected port teetime.framework.OutputPort@2092ae2c in stage Merger-21
12:57:41.289 [Thread-9] INFO  t.f.s.p.A3PipeInstantiation - Unconnected port teetime.framework.OutputPort@6b2bce12 in stage InstanceOfFilter-19
12:57:41.289 [Thread-9] WARN  k.a.a.t.TraceIdFilter:TraceIdFilter-4 - Received more than one signal - teetime.framework.signal.ValidatingSignal@a24230e - from input port: teetime.framework.InputPort@7eda59c
12:57:41.289 [Thread-9] WARN  k.a.a.t.TraceIdFilter:TraceIdFilter-4 - Received more than one signal - teetime.framework.signal.ValidatingSignal@a24230e - from input port: teetime.framework.InputPort@7eda59c
12:57:41.289 [Thread-9] WARN  k.a.a.t.TraceIdFilter:TraceIdFilter-4 - Received more than one signal - teetime.framework.signal.ValidatingSignal@a24230e - from input port: teetime.framework.InputPort@7eda59c
12:57:41.905 [Thread for KiekerDirectoryScannerStage-4] INFO  k.a.g.DynamicEventDispatcher:DynamicEventDispatcher-4 - Records processed in total 0.
12:57:41.906 [Thread for Merger-22] INFO  k.a.g.sink.NullSink:NullSink-12 - 1 records received.
12:57:41.906 [Thread for Merger-24] INFO  k.a.g.sink.NullSink:NullSink-14 - 1 records received.
12:57:41.906 [Thread for Merger-22] INFO  k.a.g.sink.NullSink:NullSink-12 - 1 class kieker.model.system.model.ExecutionTrace records received.
12:57:41.906 [Thread for Merger-24] INFO  k.a.g.sink.NullSink:NullSink-14 - 1 class kieker.model.system.model.MessageTrace records received.
12:57:41.906 [Thread for Merger-22] INFO  k.a.g.sink.NullSink:NullSink-12 - 2 records received.
12:57:41.906 [Thread for Merger-22] INFO  k.a.g.sink.NullSink:NullSink-12 - 2 class kieker.model.system.model.ExecutionTrace records received.
12:57:41.906 [Thread for Merger-22] INFO  k.a.g.sink.NullSink:NullSink-12 - 3 records received.
12:57:41.906 [Thread for Merger-22] INFO  k.a.g.sink.NullSink:NullSink-12 - 3 class kieker.model.system.model.ExecutionTrace records received.
12:57:41.906 [Thread for Merger-22] INFO  k.a.g.sink.NullSink:NullSink-12 - 4 records received.
12:57:41.906 [Thread for Merger-22] INFO  k.a.g.sink.NullSink:NullSink-12 - 4 class kieker.model.system.model.ExecutionTrace records received.
12:57:41.906 [Thread for Merger-22] INFO  k.a.g.sink.NullSink:NullSink-12 - 5 records received.
12:57:41.906 [Thread for Merger-22] INFO  k.a.g.sink.NullSink:NullSink-12 - 5 class kieker.model.system.model.ExecutionTrace records received.
12:57:41.906 [Thread for Merger-22] INFO  k.a.g.sink.NullSink:NullSink-12 - 6 records received.
12:57:41.906 [Thread for Merger-22] INFO  k.a.g.sink.NullSink:NullSink-12 - 6 class kieker.model.system.model.ExecutionTrace records received.
12:57:41.906 [Thread for Merger-22] INFO  k.a.g.sink.NullSink:NullSink-12 - 7 records received.
12:57:41.906 [Thread for Merger-22] INFO  k.a.g.sink.NullSink:NullSink-12 - 7 class kieker.model.system.model.ExecutionTrace records received.
12:57:41.906 [Thread for Merger-22] INFO  k.a.g.sink.NullSink:NullSink-12 - 8 records received.
12:57:41.906 [Thread for Merger-22] INFO  k.a.g.sink.NullSink:NullSink-12 - 8 class kieker.model.system.model.ExecutionTrace records received.
12:57:41.906 [Thread for Merger-22] INFO  k.a.g.sink.NullSink:NullSink-12 - 9 records received.
12:57:41.906 [Thread for Merger-22] INFO  k.a.g.sink.NullSink:NullSink-12 - 9 class kieker.model.system.model.ExecutionTrace records received.
12:57:41.906 [Thread for Merger-22] INFO  k.a.g.sink.NullSink:NullSink-12 - 10 records received.
12:57:41.906 [Thread for Merger-22] INFO  k.a.g.sink.NullSink:NullSink-12 - 10 class kieker.model.system.model.ExecutionTrace records received.
12:57:41.906 [Thread for Merger-22] INFO  k.a.g.sink.NullSink:NullSink-12 - 11 records received.
12:57:41.906 [Thread for Merger-22] INFO  k.a.g.sink.NullSink:NullSink-12 - 11 class kieker.model.system.model.ExecutionTrace records received.
12:57:41.906 [Thread for Merger-22] INFO  k.a.g.sink.NullSink:NullSink-12 - 12 records received.
12:57:41.906 [Thread for Merger-22] INFO  k.a.g.sink.NullSink:NullSink-12 - 12 class kieker.model.system.model.ExecutionTrace records received.
12:57:41.906 [Thread for Merger-22] INFO  k.a.g.sink.NullSink:NullSink-12 - 13 records received.
12:57:41.906 [Thread for Merger-22] INFO  k.a.g.sink.NullSink:NullSink-12 - 13 class kieker.model.system.model.ExecutionTrace records received.
12:57:41.906 [Thread for Merger-22] INFO  k.a.g.sink.NullSink:NullSink-12 - 14 records received.
12:57:41.906 [Thread for Merger-22] INFO  k.a.g.sink.NullSink:NullSink-12 - 14 class kieker.model.system.model.ExecutionTrace records received.
12:57:41.906 [Thread for Merger-22] INFO  k.a.g.sink.NullSink:NullSink-12 - 15 records received.
12:57:41.906 [Thread for Merger-22] INFO  k.a.g.sink.NullSink:NullSink-12 - 15 class kieker.model.system.model.ExecutionTrace records received.
12:57:41.906 [Thread for Merger-22] INFO  k.a.g.sink.NullSink:NullSink-12 - 16 records received.
12:57:41.906 [Thread for Merger-22] INFO  k.a.g.sink.NullSink:NullSink-12 - 16 class kieker.model.system.model.ExecutionTrace records received.
12:57:41.906 [Thread for Merger-22] INFO  k.a.g.sink.NullSink:NullSink-12 - 17 records received.
12:57:41.906 [Thread for Merger-22] INFO  k.a.g.sink.NullSink:NullSink-12 - 17 class kieker.model.system.model.ExecutionTrace records received.
12:57:41.906 [Thread for Merger-22] INFO  k.a.g.sink.NullSink:NullSink-12 - 18 records received.
12:57:41.906 [Thread for Merger-22] INFO  k.a.g.sink.NullSink:NullSink-12 - 18 class kieker.model.system.model.ExecutionTrace records received.
12:57:41.906 [Thread for Merger-22] INFO  k.a.g.sink.NullSink:NullSink-12 - 19 records received.
12:57:41.906 [Thread for Merger-22] INFO  k.a.g.sink.NullSink:NullSink-12 - 19 class kieker.model.system.model.ExecutionTrace records received.
12:57:41.906 [Thread for Merger-22] INFO  k.a.g.sink.NullSink:NullSink-12 - 20 records received.
12:57:41.906 [Thread for Merger-22] INFO  k.a.g.sink.NullSink:NullSink-12 - 20 class kieker.model.system.model.ExecutionTrace records received.
12:57:41.906 [Thread for Merger-22] INFO  k.a.g.sink.NullSink:NullSink-12 - 21 records received.
12:57:41.906 [Thread for Merger-22] INFO  k.a.g.sink.NullSink:NullSink-12 - 21 class kieker.model.system.model.ExecutionTrace records received.
12:57:41.906 [Thread for Merger-22] INFO  k.a.g.sink.NullSink:NullSink-12 - 22 records received.
12:57:41.906 [Thread for Merger-22] INFO  k.a.g.sink.NullSink:NullSink-12 - 22 class kieker.model.system.model.ExecutionTrace records received.
12:57:41.906 [Thread for Merger-22] INFO  k.a.g.sink.NullSink:NullSink-12 - 23 records received.
12:57:41.906 [Thread for Merger-22] INFO  k.a.g.sink.NullSink:NullSink-12 - 23 class kieker.model.system.model.ExecutionTrace records received.
12:57:41.906 [Thread for Merger-22] INFO  k.a.g.sink.NullSink:NullSink-12 - 24 records received.
12:57:41.906 [Thread for Merger-22] INFO  k.a.g.sink.NullSink:NullSink-12 - 24 class kieker.model.system.model.ExecutionTrace records received.
12:57:41.906 [Thread for Merger-22] INFO  k.a.g.sink.NullSink:NullSink-12 - 25 records received.
12:57:41.906 [Thread for Merger-22] INFO  k.a.g.sink.NullSink:NullSink-12 - 25 class kieker.model.system.model.ExecutionTrace records received.
12:57:41.906 [Thread for Merger-22] INFO  k.a.g.sink.NullSink:NullSink-12 - 26 records received.
12:57:41.906 [Thread for Merger-22] INFO  k.a.g.sink.NullSink:NullSink-12 - 26 class kieker.model.system.model.ExecutionTrace records received.
12:57:41.906 [Thread for Merger-22] INFO  k.a.g.sink.NullSink:NullSink-12 - 27 records received.
12:57:41.906 [Thread for Merger-22] INFO  k.a.g.sink.NullSink:NullSink-12 - 27 class kieker.model.system.model.ExecutionTrace records received.
12:57:41.906 [Thread for Merger-22] INFO  k.a.g.sink.NullSink:NullSink-12 - 28 records received.
12:57:41.906 [Thread for Merger-22] INFO  k.a.g.sink.NullSink:NullSink-12 - 28 class kieker.model.system.model.ExecutionTrace records received.
12:57:41.906 [Thread for Merger-22] INFO  k.a.g.sink.NullSink:NullSink-12 - 29 records received.
12:57:41.906 [Thread for Merger-22] INFO  k.a.g.sink.NullSink:NullSink-12 - 29 class kieker.model.system.model.ExecutionTrace records received.
12:57:41.906 [Thread for Merger-22] INFO  k.a.g.sink.NullSink:NullSink-12 - 30 records received.
12:57:41.906 [Thread for Merger-22] INFO  k.a.g.sink.NullSink:NullSink-12 - 30 class kieker.model.system.model.ExecutionTrace records received.
12:57:41.906 [Thread for Merger-22] INFO  k.a.g.sink.NullSink:NullSink-12 - 31 records received.
12:57:41.906 [Thread for Merger-22] INFO  k.a.g.sink.NullSink:NullSink-12 - 31 class kieker.model.system.model.ExecutionTrace records received.
12:57:41.906 [Thread for Merger-22] INFO  k.a.g.sink.NullSink:NullSink-12 - 32 records received.
12:57:41.906 [Thread for Merger-22] INFO  k.a.g.sink.NullSink:NullSink-12 - 32 class kieker.model.system.model.ExecutionTrace records received.
12:57:41.906 [Thread for Merger-22] INFO  k.a.g.sink.NullSink:NullSink-12 - 33 records received.
12:57:41.907 [Thread for Merger-22] INFO  k.a.g.sink.NullSink:NullSink-12 - 33 class kieker.model.system.model.ExecutionTrace records received.
12:57:41.907 [Thread for Merger-22] INFO  k.a.g.sink.NullSink:NullSink-12 - 34 records received.
12:57:41.907 [Thread for Merger-22] INFO  k.a.g.sink.NullSink:NullSink-12 - 34 class kieker.model.system.model.ExecutionTrace records received.
12:57:41.907 [Thread for Merger-22] INFO  k.a.g.sink.NullSink:NullSink-12 - 35 records received.
12:57:41.907 [Thread for Merger-22] INFO  k.a.g.sink.NullSink:NullSink-12 - 35 class kieker.model.system.model.ExecutionTrace records received.
12:57:41.907 [Thread for Merger-22] INFO  k.a.g.sink.NullSink:NullSink-12 - 36 records received.
12:57:41.907 [Thread for Merger-22] INFO  k.a.g.sink.NullSink:NullSink-12 - 36 class kieker.model.system.model.ExecutionTrace records received.
12:57:41.907 [Thread for Merger-22] INFO  k.a.g.sink.NullSink:NullSink-12 - 37 records received.
12:57:41.907 [Thread for Merger-22] INFO  k.a.g.sink.NullSink:NullSink-12 - 37 class kieker.model.system.model.ExecutionTrace records received.
12:57:41.907 [Thread for Merger-22] INFO  k.a.g.sink.NullSink:NullSink-12 - 38 records received.
12:57:41.907 [Thread for Merger-22] INFO  k.a.g.sink.NullSink:NullSink-12 - 38 class kieker.model.system.model.ExecutionTrace records received.
12:57:41.907 [Thread for Merger-22] INFO  k.a.g.sink.NullSink:NullSink-12 - 39 records received.
12:57:41.907 [Thread for Merger-22] INFO  k.a.g.sink.NullSink:NullSink-12 - 39 class kieker.model.system.model.ExecutionTrace records received.
12:57:41.907 [Thread for Merger-22] INFO  k.a.g.sink.NullSink:NullSink-12 - 40 records received.
12:57:41.907 [Thread for Merger-22] INFO  k.a.g.sink.NullSink:NullSink-12 - 40 class kieker.model.system.model.ExecutionTrace records received.
12:57:41.907 [Thread for Merger-22] INFO  k.a.g.sink.NullSink:NullSink-12 - 41 records received.
12:57:41.907 [Thread for Merger-22] INFO  k.a.g.sink.NullSink:NullSink-12 - 41 class kieker.model.system.model.ExecutionTrace records received.
12:57:41.907 [Thread for Merger-22] INFO  k.a.g.sink.NullSink:NullSink-12 - 42 records received.
12:57:41.907 [Thread for Merger-22] INFO  k.a.g.sink.NullSink:NullSink-12 - 42 class kieker.model.system.model.ExecutionTrace records received.
12:57:41.907 [Thread for Merger-22] INFO  k.a.g.sink.NullSink:NullSink-12 - 43 records received.
12:57:41.907 [Thread for Merger-22] INFO  k.a.g.sink.NullSink:NullSink-12 - 43 class kieker.model.system.model.ExecutionTrace records received.
12:57:41.907 [Thread for Merger-22] INFO  k.a.g.sink.NullSink:NullSink-12 - 44 records received.
12:57:41.907 [Thread for Merger-22] INFO  k.a.g.sink.NullSink:NullSink-12 - 44 class kieker.model.system.model.ExecutionTrace records received.
12:57:41.907 [Thread for Merger-22] INFO  k.a.g.sink.NullSink:NullSink-12 - 45 records received.
12:57:41.907 [Thread for Merger-22] INFO  k.a.g.sink.NullSink:NullSink-12 - 45 class kieker.model.system.model.ExecutionTrace records received.
12:57:41.907 [Thread for Merger-22] INFO  k.a.g.sink.NullSink:NullSink-12 - 46 records received.
12:57:41.907 [Thread for Merger-22] INFO  k.a.g.sink.NullSink:NullSink-12 - 46 class kieker.model.system.model.ExecutionTrace records received.
12:57:41.907 [Thread for Merger-22] INFO  k.a.g.sink.NullSink:NullSink-12 - 47 records received.
12:57:41.907 [Thread for Merger-22] INFO  k.a.g.sink.NullSink:NullSink-12 - 47 class kieker.model.system.model.ExecutionTrace records received.
12:57:41.907 [Thread for Merger-22] INFO  k.a.g.sink.NullSink:NullSink-12 - 48 records received.
12:57:41.907 [Thread for Merger-22] INFO  k.a.g.sink.NullSink:NullSink-12 - 48 class kieker.model.system.model.ExecutionTrace records received.
12:57:41.913 [Thread for Merger-22] INFO  k.a.g.sink.NullSink:NullSink-12 - 49 records received.
12:57:41.913 [Thread for Merger-22] INFO  k.a.g.sink.NullSink:NullSink-12 - 49 class kieker.model.system.model.ExecutionTrace records received.
12:57:41.913 [Thread for Merger-22] INFO  k.a.g.sink.NullSink:NullSink-12 - 50 records received.
12:57:41.913 [Thread for Merger-22] INFO  k.a.g.sink.NullSink:NullSink-12 - 50 class kieker.model.system.model.ExecutionTrace records received.
12:57:42.001 [Thread for Merger-24] INFO  k.a.g.sink.NullSink:NullSink-14 - 2 records received.
12:57:42.001 [Thread for Merger-24] INFO  k.a.g.sink.NullSink:NullSink-14 - 2 class kieker.model.system.model.MessageTrace records received.
12:57:42.143 [Thread for Merger-24] INFO  k.a.g.sink.NullSink:NullSink-14 - 3 records received.
12:57:42.144 [Thread for Merger-24] INFO  k.a.g.sink.NullSink:NullSink-14 - 3 class kieker.model.system.model.MessageTrace records received.
12:57:42.177 [Thread for Merger-24] INFO  k.a.g.sink.NullSink:NullSink-14 - 4 records received.
12:57:42.177 [Thread for Merger-24] INFO  k.a.g.sink.NullSink:NullSink-14 - 4 class kieker.model.system.model.MessageTrace records received.
12:57:42.211 [Thread for Merger-24] INFO  k.a.g.sink.NullSink:NullSink-14 - 5 records received.
12:57:42.211 [Thread for Merger-24] INFO  k.a.g.sink.NullSink:NullSink-14 - 5 class kieker.model.system.model.MessageTrace records received.
12:57:42.247 [Thread for Merger-24] INFO  k.a.g.sink.NullSink:NullSink-14 - 6 records received.
12:57:42.247 [Thread for Merger-24] INFO  k.a.g.sink.NullSink:NullSink-14 - 6 class kieker.model.system.model.MessageTrace records received.
12:57:42.282 [Thread for Merger-24] INFO  k.a.g.sink.NullSink:NullSink-14 - 7 records received.
12:57:42.282 [Thread for Merger-24] INFO  k.a.g.sink.NullSink:NullSink-14 - 7 class kieker.model.system.model.MessageTrace records received.
12:57:42.317 [Thread for Merger-24] INFO  k.a.g.sink.NullSink:NullSink-14 - 8 records received.
12:57:42.317 [Thread for Merger-24] INFO  k.a.g.sink.NullSink:NullSink-14 - 8 class kieker.model.system.model.MessageTrace records received.
12:57:42.362 [Thread for Merger-24] INFO  k.a.g.sink.NullSink:NullSink-14 - 9 records received.
12:57:42.362 [Thread for Merger-24] INFO  k.a.g.sink.NullSink:NullSink-14 - 9 class kieker.model.system.model.MessageTrace records received.
12:57:42.398 [Thread for Merger-24] INFO  k.a.g.sink.NullSink:NullSink-14 - 10 records received.
12:57:42.398 [Thread for Merger-24] INFO  k.a.g.sink.NullSink:NullSink-14 - 10 class kieker.model.system.model.MessageTrace records received.
12:57:42.434 [Thread for Merger-24] INFO  k.a.g.sink.NullSink:NullSink-14 - 11 records received.
12:57:42.434 [Thread for Merger-24] INFO  k.a.g.sink.NullSink:NullSink-14 - 11 class kieker.model.system.model.MessageTrace records received.
12:57:42.470 [Thread for Merger-24] INFO  k.a.g.sink.NullSink:NullSink-14 - 12 records received.
12:57:42.470 [Thread for Merger-24] INFO  k.a.g.sink.NullSink:NullSink-14 - 12 class kieker.model.system.model.MessageTrace records received.
12:57:42.504 [Thread for Merger-24] INFO  k.a.g.sink.NullSink:NullSink-14 - 13 records received.
12:57:42.504 [Thread for Merger-24] INFO  k.a.g.sink.NullSink:NullSink-14 - 13 class kieker.model.system.model.MessageTrace records received.
12:57:42.540 [Thread for Merger-24] INFO  k.a.g.sink.NullSink:NullSink-14 - 14 records received.
12:57:42.540 [Thread for Merger-24] INFO  k.a.g.sink.NullSink:NullSink-14 - 14 class kieker.model.system.model.MessageTrace records received.
12:57:42.577 [Thread for Merger-24] INFO  k.a.g.sink.NullSink:NullSink-14 - 15 records received.
12:57:42.577 [Thread for Merger-24] INFO  k.a.g.sink.NullSink:NullSink-14 - 15 class kieker.model.system.model.MessageTrace records received.
12:57:42.613 [Thread for Merger-24] INFO  k.a.g.sink.NullSink:NullSink-14 - 16 records received.
12:57:42.613 [Thread for Merger-24] INFO  k.a.g.sink.NullSink:NullSink-14 - 16 class kieker.model.system.model.MessageTrace records received.
12:57:42.650 [Thread for Merger-24] INFO  k.a.g.sink.NullSink:NullSink-14 - 17 records received.
12:57:42.650 [Thread for Merger-24] INFO  k.a.g.sink.NullSink:NullSink-14 - 17 class kieker.model.system.model.MessageTrace records received.
12:57:42.687 [Thread for Merger-24] INFO  k.a.g.sink.NullSink:NullSink-14 - 18 records received.
12:57:42.687 [Thread for Merger-24] INFO  k.a.g.sink.NullSink:NullSink-14 - 18 class kieker.model.system.model.MessageTrace records received.
12:57:42.721 [Thread for Merger-24] INFO  k.a.g.sink.NullSink:NullSink-14 - 19 records received.
12:57:42.721 [Thread for Merger-24] INFO  k.a.g.sink.NullSink:NullSink-14 - 19 class kieker.model.system.model.MessageTrace records received.
12:57:42.754 [Thread for Merger-24] INFO  k.a.g.sink.NullSink:NullSink-14 - 20 records received.
12:57:42.754 [Thread for Merger-24] INFO  k.a.g.sink.NullSink:NullSink-14 - 20 class kieker.model.system.model.MessageTrace records received.
12:57:42.788 [Thread for Merger-24] INFO  k.a.g.sink.NullSink:NullSink-14 - 21 records received.
12:57:42.788 [Thread for Merger-24] INFO  k.a.g.sink.NullSink:NullSink-14 - 21 class kieker.model.system.model.MessageTrace records received.
12:57:42.822 [Thread for Merger-24] INFO  k.a.g.sink.NullSink:NullSink-14 - 22 records received.
12:57:42.822 [Thread for Merger-24] INFO  k.a.g.sink.NullSink:NullSink-14 - 22 class kieker.model.system.model.MessageTrace records received.
12:57:42.857 [Thread for Merger-24] INFO  k.a.g.sink.NullSink:NullSink-14 - 23 records received.
12:57:42.857 [Thread for Merger-24] INFO  k.a.g.sink.NullSink:NullSink-14 - 23 class kieker.model.system.model.MessageTrace records received.
12:57:42.890 [Thread for Merger-24] INFO  k.a.g.sink.NullSink:NullSink-14 - 24 records received.
12:57:42.890 [Thread for Merger-24] INFO  k.a.g.sink.NullSink:NullSink-14 - 24 class kieker.model.system.model.MessageTrace records received.
12:57:42.923 [Thread for Merger-24] INFO  k.a.g.sink.NullSink:NullSink-14 - 25 records received.
12:57:42.923 [Thread for Merger-24] INFO  k.a.g.sink.NullSink:NullSink-14 - 25 class kieker.model.system.model.MessageTrace records received.
12:57:42.959 [Thread for Merger-24] INFO  k.a.g.sink.NullSink:NullSink-14 - 26 records received.
12:57:42.959 [Thread for Merger-24] INFO  k.a.g.sink.NullSink:NullSink-14 - 26 class kieker.model.system.model.MessageTrace records received.
12:57:42.992 [Thread for Merger-24] INFO  k.a.g.sink.NullSink:NullSink-14 - 27 records received.
12:57:42.992 [Thread for Merger-24] INFO  k.a.g.sink.NullSink:NullSink-14 - 27 class kieker.model.system.model.MessageTrace records received.
12:57:43.026 [Thread for Merger-24] INFO  k.a.g.sink.NullSink:NullSink-14 - 28 records received.
12:57:43.026 [Thread for Merger-24] INFO  k.a.g.sink.NullSink:NullSink-14 - 28 class kieker.model.system.model.MessageTrace records received.
12:57:43.060 [Thread for Merger-24] INFO  k.a.g.sink.NullSink:NullSink-14 - 29 records received.
12:57:43.060 [Thread for Merger-24] INFO  k.a.g.sink.NullSink:NullSink-14 - 29 class kieker.model.system.model.MessageTrace records received.
12:57:43.095 [Thread for Merger-24] INFO  k.a.g.sink.NullSink:NullSink-14 - 30 records received.
12:57:43.095 [Thread for Merger-24] INFO  k.a.g.sink.NullSink:NullSink-14 - 30 class kieker.model.system.model.MessageTrace records received.
12:57:43.131 [Thread for Merger-24] INFO  k.a.g.sink.NullSink:NullSink-14 - 31 records received.
12:57:43.131 [Thread for Merger-24] INFO  k.a.g.sink.NullSink:NullSink-14 - 31 class kieker.model.system.model.MessageTrace records received.
12:57:43.278 [Thread for Merger-24] INFO  k.a.g.sink.NullSink:NullSink-14 - 32 records received.
12:57:43.278 [Thread for Merger-24] INFO  k.a.g.sink.NullSink:NullSink-14 - 32 class kieker.model.system.model.MessageTrace records received.
12:57:43.327 [Thread for Merger-24] INFO  k.a.g.sink.NullSink:NullSink-14 - 33 records received.
12:57:43.327 [Thread for Merger-24] INFO  k.a.g.sink.NullSink:NullSink-14 - 33 class kieker.model.system.model.MessageTrace records received.
12:57:43.366 [Thread for Merger-24] INFO  k.a.g.sink.NullSink:NullSink-14 - 34 records received.
12:57:43.366 [Thread for Merger-24] INFO  k.a.g.sink.NullSink:NullSink-14 - 34 class kieker.model.system.model.MessageTrace records received.
12:57:43.407 [Thread for Merger-24] INFO  k.a.g.sink.NullSink:NullSink-14 - 35 records received.
12:57:43.407 [Thread for Merger-24] INFO  k.a.g.sink.NullSink:NullSink-14 - 35 class kieker.model.system.model.MessageTrace records received.
12:57:43.558 [Thread for Merger-24] INFO  k.a.g.sink.NullSink:NullSink-14 - 36 records received.
12:57:43.558 [Thread for Merger-24] INFO  k.a.g.sink.NullSink:NullSink-14 - 36 class kieker.model.system.model.MessageTrace records received.
12:57:43.597 [Thread for Merger-24] INFO  k.a.g.sink.NullSink:NullSink-14 - 37 records received.
12:57:43.597 [Thread for Merger-24] INFO  k.a.g.sink.NullSink:NullSink-14 - 37 class kieker.model.system.model.MessageTrace records received.
12:57:43.634 [Thread for Merger-24] INFO  k.a.g.sink.NullSink:NullSink-14 - 38 records received.
12:57:43.634 [Thread for Merger-24] INFO  k.a.g.sink.NullSink:NullSink-14 - 38 class kieker.model.system.model.MessageTrace records received.
12:57:43.669 [Thread for Merger-24] INFO  k.a.g.sink.NullSink:NullSink-14 - 39 records received.
12:57:43.669 [Thread for Merger-24] INFO  k.a.g.sink.NullSink:NullSink-14 - 39 class kieker.model.system.model.MessageTrace records received.
12:57:43.705 [Thread for Merger-24] INFO  k.a.g.sink.NullSink:NullSink-14 - 40 records received.
12:57:43.705 [Thread for Merger-24] INFO  k.a.g.sink.NullSink:NullSink-14 - 40 class kieker.model.system.model.MessageTrace records received.
12:57:43.741 [Thread for Merger-24] INFO  k.a.g.sink.NullSink:NullSink-14 - 41 records received.
12:57:43.741 [Thread for Merger-24] INFO  k.a.g.sink.NullSink:NullSink-14 - 41 class kieker.model.system.model.MessageTrace records received.
12:57:43.778 [Thread for Merger-24] INFO  k.a.g.sink.NullSink:NullSink-14 - 42 records received.
12:57:43.778 [Thread for Merger-24] INFO  k.a.g.sink.NullSink:NullSink-14 - 42 class kieker.model.system.model.MessageTrace records received.
12:57:43.814 [Thread for Merger-24] INFO  k.a.g.sink.NullSink:NullSink-14 - 43 records received.
12:57:43.814 [Thread for Merger-24] INFO  k.a.g.sink.NullSink:NullSink-14 - 43 class kieker.model.system.model.MessageTrace records received.
12:57:43.850 [Thread for Merger-24] INFO  k.a.g.sink.NullSink:NullSink-14 - 44 records received.
12:57:43.850 [Thread for Merger-24] INFO  k.a.g.sink.NullSink:NullSink-14 - 44 class kieker.model.system.model.MessageTrace records received.
12:57:43.888 [Thread for Merger-24] INFO  k.a.g.sink.NullSink:NullSink-14 - 45 records received.
12:57:43.889 [Thread for Merger-24] INFO  k.a.g.sink.NullSink:NullSink-14 - 45 class kieker.model.system.model.MessageTrace records received.
12:57:44.040 [Thread for Merger-24] INFO  k.a.g.sink.NullSink:NullSink-14 - 46 records received.
12:57:44.040 [Thread for Merger-24] INFO  k.a.g.sink.NullSink:NullSink-14 - 46 class kieker.model.system.model.MessageTrace records received.
12:57:44.077 [Thread for Merger-24] INFO  k.a.g.sink.NullSink:NullSink-14 - 47 records received.
12:57:44.078 [Thread for Merger-24] INFO  k.a.g.sink.NullSink:NullSink-14 - 47 class kieker.model.system.model.MessageTrace records received.
12:57:44.195 [Thread for Merger-24] INFO  k.a.g.sink.NullSink:NullSink-14 - 48 records received.
12:57:44.195 [Thread for Merger-24] INFO  k.a.g.sink.NullSink:NullSink-14 - 48 class kieker.model.system.model.MessageTrace records received.
12:57:44.292 [Thread for Merger-24] INFO  k.a.g.sink.NullSink:NullSink-14 - 49 records received.
12:57:44.292 [Thread for Merger-24] INFO  k.a.g.sink.NullSink:NullSink-14 - 49 class kieker.model.system.model.MessageTrace records received.
12:59:03.109 [Thread for Merger-24] INFO  k.a.g.sink.NullSink:NullSink-14 - 50 records received.
12:59:03.109 [Thread for Merger-24] INFO  k.a.g.sink.NullSink:NullSink-14 - 50 class kieker.model.system.model.MessageTrace records received.
13:23:45.931 [Thread-1] INFO  t.f.s.p.A3PipeInstantiation - Unconnected port teetime.framework.OutputPort@5c6f67a in stage DynamicEventDispatcher-0
13:23:45.945 [Thread-1] INFO  t.f.s.p.A3PipeInstantiation - Unconnected port teetime.framework.OutputPort@68e3d559 in stage TraceIdFilter-0
13:23:45.945 [Thread-1] INFO  t.f.s.p.A3PipeInstantiation - Unconnected port teetime.framework.OutputPort@67abf476 in stage Merger-1
13:23:45.946 [Thread-1] INFO  t.f.s.p.A3PipeInstantiation - Unconnected port teetime.framework.OutputPort@3de8a80f in stage InstanceOfFilter-3
13:23:45.951 [Thread-1] WARN  k.a.a.t.TraceIdFilter:TraceIdFilter-0 - Received more than one signal - teetime.framework.signal.ValidatingSignal@76f973f1 - from input port: teetime.framework.InputPort@6f527d7e
13:23:45.951 [Thread-1] WARN  k.a.a.t.TraceIdFilter:TraceIdFilter-0 - Received more than one signal - teetime.framework.signal.ValidatingSignal@76f973f1 - from input port: teetime.framework.InputPort@6f527d7e
13:23:45.951 [Thread-1] WARN  k.a.a.t.TraceIdFilter:TraceIdFilter-0 - Received more than one signal - teetime.framework.signal.ValidatingSignal@76f973f1 - from input port: teetime.framework.InputPort@6f527d7e
13:23:46.309 [Thread for KiekerDirectoryScannerStage-0] INFO  k.a.g.DynamicEventDispatcher:DynamicEventDispatcher-0 - Records processed in total 0.
13:23:46.317 [Thread for Merger-4] INFO  k.a.generic.sink.NullSink:NullSink-2 - 1 records received.
13:23:46.317 [Thread for Merger-2] INFO  k.a.generic.sink.NullSink:NullSink-0 - 1 records received.
13:23:46.317 [Thread for Merger-2] INFO  k.a.generic.sink.NullSink:NullSink-0 - 1 class kieker.model.system.model.ExecutionTrace records received.
13:23:46.317 [Thread for Merger-4] INFO  k.a.generic.sink.NullSink:NullSink-2 - 1 class kieker.model.system.model.MessageTrace records received.
13:23:46.317 [Thread for Merger-2] INFO  k.a.generic.sink.NullSink:NullSink-0 - 2 records received.
13:23:46.317 [Thread for Merger-2] INFO  k.a.generic.sink.NullSink:NullSink-0 - 2 class kieker.model.system.model.ExecutionTrace records received.
13:23:46.317 [Thread for Merger-2] INFO  k.a.generic.sink.NullSink:NullSink-0 - 3 records received.
13:23:46.317 [Thread for Merger-2] INFO  k.a.generic.sink.NullSink:NullSink-0 - 3 class kieker.model.system.model.ExecutionTrace records received.
13:23:46.317 [Thread for Merger-2] INFO  k.a.generic.sink.NullSink:NullSink-0 - 4 records received.
13:23:46.317 [Thread for Merger-2] INFO  k.a.generic.sink.NullSink:NullSink-0 - 4 class kieker.model.system.model.ExecutionTrace records received.
13:23:46.317 [Thread for Merger-2] INFO  k.a.generic.sink.NullSink:NullSink-0 - 5 records received.
13:23:46.318 [Thread for Merger-2] INFO  k.a.generic.sink.NullSink:NullSink-0 - 5 class kieker.model.system.model.ExecutionTrace records received.
13:23:46.318 [Thread for Merger-2] INFO  k.a.generic.sink.NullSink:NullSink-0 - 6 records received.
13:23:46.318 [Thread for Merger-2] INFO  k.a.generic.sink.NullSink:NullSink-0 - 6 class kieker.model.system.model.ExecutionTrace records received.
13:23:46.318 [Thread for Merger-2] INFO  k.a.generic.sink.NullSink:NullSink-0 - 7 records received.
13:23:46.318 [Thread for Merger-2] INFO  k.a.generic.sink.NullSink:NullSink-0 - 7 class kieker.model.system.model.ExecutionTrace records received.
13:23:46.318 [Thread for Merger-2] INFO  k.a.generic.sink.NullSink:NullSink-0 - 8 records received.
13:23:46.318 [Thread for Merger-2] INFO  k.a.generic.sink.NullSink:NullSink-0 - 8 class kieker.model.system.model.ExecutionTrace records received.
13:23:46.318 [Thread for Merger-2] INFO  k.a.generic.sink.NullSink:NullSink-0 - 9 records received.
13:23:46.318 [Thread for Merger-2] INFO  k.a.generic.sink.NullSink:NullSink-0 - 9 class kieker.model.system.model.ExecutionTrace records received.
13:23:46.318 [Thread for Merger-2] INFO  k.a.generic.sink.NullSink:NullSink-0 - 10 records received.
13:23:46.318 [Thread for Merger-2] INFO  k.a.generic.sink.NullSink:NullSink-0 - 10 class kieker.model.system.model.ExecutionTrace records received.
13:23:46.318 [Thread for Merger-2] INFO  k.a.generic.sink.NullSink:NullSink-0 - 11 records received.
13:23:46.318 [Thread for Merger-2] INFO  k.a.generic.sink.NullSink:NullSink-0 - 11 class kieker.model.system.model.ExecutionTrace records received.
13:23:46.318 [Thread for Merger-2] INFO  k.a.generic.sink.NullSink:NullSink-0 - 12 records received.
13:23:46.318 [Thread for Merger-2] INFO  k.a.generic.sink.NullSink:NullSink-0 - 12 class kieker.model.system.model.ExecutionTrace records received.
13:23:46.318 [Thread for Merger-2] INFO  k.a.generic.sink.NullSink:NullSink-0 - 13 records received.
13:23:46.318 [Thread for Merger-2] INFO  k.a.generic.sink.NullSink:NullSink-0 - 13 class kieker.model.system.model.ExecutionTrace records received.
13:23:46.318 [Thread for Merger-2] INFO  k.a.generic.sink.NullSink:NullSink-0 - 14 records received.
13:23:46.318 [Thread for Merger-2] INFO  k.a.generic.sink.NullSink:NullSink-0 - 14 class kieker.model.system.model.ExecutionTrace records received.
13:23:46.318 [Thread for Merger-2] INFO  k.a.generic.sink.NullSink:NullSink-0 - 15 records received.
13:23:46.318 [Thread for Merger-2] INFO  k.a.generic.sink.NullSink:NullSink-0 - 15 class kieker.model.system.model.ExecutionTrace records received.
13:23:46.318 [Thread for Merger-2] INFO  k.a.generic.sink.NullSink:NullSink-0 - 16 records received.
13:23:46.318 [Thread for Merger-2] INFO  k.a.generic.sink.NullSink:NullSink-0 - 16 class kieker.model.system.model.ExecutionTrace records received.
13:23:46.318 [Thread for Merger-2] INFO  k.a.generic.sink.NullSink:NullSink-0 - 17 records received.
13:23:46.318 [Thread for Merger-2] INFO  k.a.generic.sink.NullSink:NullSink-0 - 17 class kieker.model.system.model.ExecutionTrace records received.
13:23:46.318 [Thread for Merger-2] INFO  k.a.generic.sink.NullSink:NullSink-0 - 18 records received.
13:23:46.319 [Thread for Merger-2] INFO  k.a.generic.sink.NullSink:NullSink-0 - 18 class kieker.model.system.model.ExecutionTrace records received.
13:23:46.319 [Thread for Merger-2] INFO  k.a.generic.sink.NullSink:NullSink-0 - 19 records received.
13:23:46.319 [Thread for Merger-2] INFO  k.a.generic.sink.NullSink:NullSink-0 - 19 class kieker.model.system.model.ExecutionTrace records received.
13:23:46.319 [Thread for Merger-2] INFO  k.a.generic.sink.NullSink:NullSink-0 - 20 records received.
13:23:46.319 [Thread for Merger-2] INFO  k.a.generic.sink.NullSink:NullSink-0 - 20 class kieker.model.system.model.ExecutionTrace records received.
13:23:46.319 [Thread for Merger-2] INFO  k.a.generic.sink.NullSink:NullSink-0 - 21 records received.
13:23:46.319 [Thread for Merger-2] INFO  k.a.generic.sink.NullSink:NullSink-0 - 21 class kieker.model.system.model.ExecutionTrace records received.
13:23:46.319 [Thread for Merger-2] INFO  k.a.generic.sink.NullSink:NullSink-0 - 22 records received.
13:23:46.319 [Thread for Merger-2] INFO  k.a.generic.sink.NullSink:NullSink-0 - 22 class kieker.model.system.model.ExecutionTrace records received.
13:23:46.319 [Thread for Merger-2] INFO  k.a.generic.sink.NullSink:NullSink-0 - 23 records received.
13:23:46.319 [Thread for Merger-2] INFO  k.a.generic.sink.NullSink:NullSink-0 - 23 class kieker.model.system.model.ExecutionTrace records received.
13:23:46.319 [Thread for Merger-2] INFO  k.a.generic.sink.NullSink:NullSink-0 - 24 records received.
13:23:46.319 [Thread for Merger-2] INFO  k.a.generic.sink.NullSink:NullSink-0 - 24 class kieker.model.system.model.ExecutionTrace records received.
13:23:46.319 [Thread for Merger-2] INFO  k.a.generic.sink.NullSink:NullSink-0 - 25 records received.
13:23:46.319 [Thread for Merger-2] INFO  k.a.generic.sink.NullSink:NullSink-0 - 25 class kieker.model.system.model.ExecutionTrace records received.
13:23:46.320 [Thread for Merger-2] INFO  k.a.generic.sink.NullSink:NullSink-0 - 26 records received.
13:23:46.320 [Thread for Merger-2] INFO  k.a.generic.sink.NullSink:NullSink-0 - 26 class kieker.model.system.model.ExecutionTrace records received.
13:23:46.320 [Thread for Merger-2] INFO  k.a.generic.sink.NullSink:NullSink-0 - 27 records received.
13:23:46.320 [Thread for Merger-2] INFO  k.a.generic.sink.NullSink:NullSink-0 - 27 class kieker.model.system.model.ExecutionTrace records received.
13:23:46.320 [Thread for Merger-2] INFO  k.a.generic.sink.NullSink:NullSink-0 - 28 records received.
13:23:46.320 [Thread for Merger-2] INFO  k.a.generic.sink.NullSink:NullSink-0 - 28 class kieker.model.system.model.ExecutionTrace records received.
13:23:46.320 [Thread for Merger-2] INFO  k.a.generic.sink.NullSink:NullSink-0 - 29 records received.
13:23:46.320 [Thread for Merger-2] INFO  k.a.generic.sink.NullSink:NullSink-0 - 29 class kieker.model.system.model.ExecutionTrace records received.
13:23:46.320 [Thread for Merger-2] INFO  k.a.generic.sink.NullSink:NullSink-0 - 30 records received.
13:23:46.320 [Thread for Merger-2] INFO  k.a.generic.sink.NullSink:NullSink-0 - 30 class kieker.model.system.model.ExecutionTrace records received.
13:23:46.320 [Thread for Merger-2] INFO  k.a.generic.sink.NullSink:NullSink-0 - 31 records received.
13:23:46.320 [Thread for Merger-2] INFO  k.a.generic.sink.NullSink:NullSink-0 - 31 class kieker.model.system.model.ExecutionTrace records received.
13:23:46.320 [Thread for Merger-2] INFO  k.a.generic.sink.NullSink:NullSink-0 - 32 records received.
13:23:46.320 [Thread for Merger-2] INFO  k.a.generic.sink.NullSink:NullSink-0 - 32 class kieker.model.system.model.ExecutionTrace records received.
13:23:46.320 [Thread for Merger-2] INFO  k.a.generic.sink.NullSink:NullSink-0 - 33 records received.
13:23:46.320 [Thread for Merger-2] INFO  k.a.generic.sink.NullSink:NullSink-0 - 33 class kieker.model.system.model.ExecutionTrace records received.
13:23:46.320 [Thread for Merger-2] INFO  k.a.generic.sink.NullSink:NullSink-0 - 34 records received.
13:23:46.320 [Thread for Merger-2] INFO  k.a.generic.sink.NullSink:NullSink-0 - 34 class kieker.model.system.model.ExecutionTrace records received.
13:23:46.320 [Thread for Merger-2] INFO  k.a.generic.sink.NullSink:NullSink-0 - 35 records received.
13:23:46.320 [Thread for Merger-2] INFO  k.a.generic.sink.NullSink:NullSink-0 - 35 class kieker.model.system.model.ExecutionTrace records received.
13:23:46.320 [Thread for Merger-2] INFO  k.a.generic.sink.NullSink:NullSink-0 - 36 records received.
13:23:46.320 [Thread for Merger-2] INFO  k.a.generic.sink.NullSink:NullSink-0 - 36 class kieker.model.system.model.ExecutionTrace records received.
13:23:46.320 [Thread for Merger-2] INFO  k.a.generic.sink.NullSink:NullSink-0 - 37 records received.
13:23:46.320 [Thread for Merger-2] INFO  k.a.generic.sink.NullSink:NullSink-0 - 37 class kieker.model.system.model.ExecutionTrace records received.
13:23:46.320 [Thread for Merger-2] INFO  k.a.generic.sink.NullSink:NullSink-0 - 38 records received.
13:23:46.320 [Thread for Merger-2] INFO  k.a.generic.sink.NullSink:NullSink-0 - 38 class kieker.model.system.model.ExecutionTrace records received.
13:23:46.320 [Thread for Merger-2] INFO  k.a.generic.sink.NullSink:NullSink-0 - 39 records received.
13:23:46.320 [Thread for Merger-2] INFO  k.a.generic.sink.NullSink:NullSink-0 - 39 class kieker.model.system.model.ExecutionTrace records received.
13:23:46.320 [Thread for Merger-2] INFO  k.a.generic.sink.NullSink:NullSink-0 - 40 records received.
13:23:46.320 [Thread for Merger-2] INFO  k.a.generic.sink.NullSink:NullSink-0 - 40 class kieker.model.system.model.ExecutionTrace records received.
13:23:46.320 [Thread for Merger-2] INFO  k.a.generic.sink.NullSink:NullSink-0 - 41 records received.
13:23:46.320 [Thread for Merger-2] INFO  k.a.generic.sink.NullSink:NullSink-0 - 41 class kieker.model.system.model.ExecutionTrace records received.
13:23:46.320 [Thread for Merger-2] INFO  k.a.generic.sink.NullSink:NullSink-0 - 42 records received.
13:23:46.320 [Thread for Merger-2] INFO  k.a.generic.sink.NullSink:NullSink-0 - 42 class kieker.model.system.model.ExecutionTrace records received.
13:23:46.320 [Thread for Merger-2] INFO  k.a.generic.sink.NullSink:NullSink-0 - 43 records received.
13:23:46.320 [Thread for Merger-2] INFO  k.a.generic.sink.NullSink:NullSink-0 - 43 class kieker.model.system.model.ExecutionTrace records received.
13:23:46.320 [Thread for Merger-2] INFO  k.a.generic.sink.NullSink:NullSink-0 - 44 records received.
13:23:46.320 [Thread for Merger-2] INFO  k.a.generic.sink.NullSink:NullSink-0 - 44 class kieker.model.system.model.ExecutionTrace records received.
13:23:46.320 [Thread for Merger-2] INFO  k.a.generic.sink.NullSink:NullSink-0 - 45 records received.
13:23:46.320 [Thread for Merger-2] INFO  k.a.generic.sink.NullSink:NullSink-0 - 45 class kieker.model.system.model.ExecutionTrace records received.
13:23:46.320 [Thread for Merger-2] INFO  k.a.generic.sink.NullSink:NullSink-0 - 46 records received.
13:23:46.320 [Thread for Merger-2] INFO  k.a.generic.sink.NullSink:NullSink-0 - 46 class kieker.model.system.model.ExecutionTrace records received.
13:23:46.320 [Thread for Merger-2] INFO  k.a.generic.sink.NullSink:NullSink-0 - 47 records received.
13:23:46.321 [Thread for Merger-2] INFO  k.a.generic.sink.NullSink:NullSink-0 - 47 class kieker.model.system.model.ExecutionTrace records received.
13:23:46.321 [Thread for Merger-2] INFO  k.a.generic.sink.NullSink:NullSink-0 - 48 records received.
13:23:46.321 [Thread for Merger-2] INFO  k.a.generic.sink.NullSink:NullSink-0 - 48 class kieker.model.system.model.ExecutionTrace records received.
13:23:46.360 [Thread for Merger-2] INFO  k.a.generic.sink.NullSink:NullSink-0 - 49 records received.
13:23:46.360 [Thread for Merger-2] INFO  k.a.generic.sink.NullSink:NullSink-0 - 49 class kieker.model.system.model.ExecutionTrace records received.
13:23:46.360 [Thread for Merger-2] INFO  k.a.generic.sink.NullSink:NullSink-0 - 50 records received.
13:23:46.361 [Thread for Merger-2] INFO  k.a.generic.sink.NullSink:NullSink-0 - 50 class kieker.model.system.model.ExecutionTrace records received.
13:23:47.622 [Thread for Merger-4] WARN  t.f.e.TerminatingExceptionListener - Exception occurred in PlantUMLFileGenerator-0
java.lang.UnsupportedOperationException: PDF
	at net.atmp.ImageBuilder.createUGraphic(ImageBuilder.java:408)
	at net.atmp.ImageBuilder.writeImageInternal(ImageBuilder.java:262)
	at net.atmp.ImageBuilder.write(ImageBuilder.java:238)
	at net.sourceforge.plantuml.PlainDiagram.exportDiagramNow(PlainDiagram.java:66)
	at net.sourceforge.plantuml.error.PSystemError.exportDiagramNow(PSystemError.java:245)
	at net.sourceforge.plantuml.AbstractPSystem.exportDiagram(AbstractPSystem.java:216)
	at net.sourceforge.plantuml.SourceStringReader.outputImage(SourceStringReader.java:189)
	at net.sourceforge.plantuml.SourceStringReader.outputImage(SourceStringReader.java:147)
	at kieker.visualization.trace.plantuml.PlantUMLFileGenerator.generateImage(PlantUMLFileGenerator.java:113)
	at kieker.visualization.trace.plantuml.PlantUMLFileGenerator.generate(PlantUMLFileGenerator.java:92)
	at kieker.visualization.trace.plantuml.PlantUMLFileGenerator.execute(PlantUMLFileGenerator.java:83)
	at kieker.visualization.trace.plantuml.PlantUMLFileGenerator.execute(PlantUMLFileGenerator.java:46)
	at teetime.framework.AbstractConsumerStage.execute(AbstractConsumerStage.java:50)
	at teetime.framework.AbstractStage.executeWithCatchedExceptions(AbstractStage.java:220)
	at teetime.framework.AbstractStage.executeByFramework(AbstractStage.java:214)
	at teetime.framework.scheduling.pushpullmodel.A3PipeInstantiation.onElementAdded(A3PipeInstantiation.java:99)
	at teetime.framework.pipe.UnsynchedPipe.add(UnsynchedPipe.java:38)
	at teetime.framework.OutputPort.send(OutputPort.java:54)
	at kieker.visualization.trace.call.tree.plantuml.PlantUMLTraceCallTreeFilter.execute(PlantUMLTraceCallTreeFilter.java:111)
	at kieker.visualization.trace.call.tree.plantuml.PlantUMLTraceCallTreeFilter.execute(PlantUMLTraceCallTreeFilter.java:48)
	at teetime.framework.AbstractConsumerStage.execute(AbstractConsumerStage.java:50)
	at teetime.framework.AbstractStage.executeWithCatchedExceptions(AbstractStage.java:220)
	at teetime.framework.AbstractStage.executeByFramework(AbstractStage.java:214)
	at teetime.framework.scheduling.pushpullmodel.A3PipeInstantiation.onElementAdded(A3PipeInstantiation.java:99)
	at teetime.framework.pipe.UnsynchedPipe.add(UnsynchedPipe.java:38)
	at teetime.framework.OutputPort.send(OutputPort.java:54)
	at teetime.stage.basic.distributor.strategy.CopyByReferenceStrategy.distribute(CopyByReferenceStrategy.java:33)
	at teetime.stage.basic.distributor.Distributor.execute(Distributor.java:72)
	at teetime.framework.AbstractConsumerStage.execute(AbstractConsumerStage.java:50)
	at teetime.framework.AbstractStage.executeWithCatchedExceptions(AbstractStage.java:220)
	at teetime.framework.AbstractStage.executeByFramework(AbstractStage.java:214)
	at teetime.framework.scheduling.pushpullmodel.A3PipeInstantiation.onElementAdded(A3PipeInstantiation.java:99)
	at teetime.framework.pipe.UnsynchedPipe.add(UnsynchedPipe.java:38)
	at teetime.framework.OutputPort.send(OutputPort.java:54)
	at teetime.stage.basic.merger.Merger.execute(Merger.java:84)
	at teetime.framework.AbstractStage.executeWithCatchedExceptions(AbstractStage.java:220)
	at teetime.framework.AbstractStage.executeByFramework(AbstractStage.java:214)
	at teetime.framework.StageFacade.runStage(StageFacade.java:76)
	at teetime.framework.scheduling.pushpullmodel.AbstractRunnableStage.run(AbstractRunnableStage.java:56)
	at java.base/java.lang.Thread.run(Unknown Source)
	at teetime.framework.scheduling.pushpullmodel.TeeTimeThread.run(TeeTimeThread.java:46)
13:23:47.625 [Thread for Merger-4] ERROR teetime.stage.basic.merger.Merger - Terminating thread due to the following exception: 
java.lang.IllegalStateException: Illegal state change from TERMINATED to TERMINATING
	at teetime.framework.AbstractStage.changeState(AbstractStage.java:398)
	at teetime.framework.AbstractStage.terminateStageByFramework(AbstractStage.java:679)
	at teetime.framework.AbstractStage.abort(AbstractStage.java:683)
	at teetime.framework.StageFacade.abort(StageFacade.java:38)
	at teetime.framework.scheduling.pushpullmodel.PushPullScheduling.abortStages(PushPullScheduling.java:196)
	at teetime.framework.scheduling.pushpullmodel.PushPullScheduling.onTerminate(PushPullScheduling.java:190)
	at teetime.framework.StageFacade.runStage(StageFacade.java:80)
	at teetime.framework.scheduling.pushpullmodel.AbstractRunnableStage.run(AbstractRunnableStage.java:56)
	at java.base/java.lang.Thread.run(Unknown Source)
	at teetime.framework.scheduling.pushpullmodel.TeeTimeThread.run(TeeTimeThread.java:46)
13:29:57.204 [Thread-1] INFO  t.f.s.p.A3PipeInstantiation - Unconnected port teetime.framework.OutputPort@c67eb35 in stage DynamicEventDispatcher-0
13:29:57.219 [Thread-1] INFO  t.f.s.p.A3PipeInstantiation - Unconnected port teetime.framework.OutputPort@38556ace in stage TraceIdFilter-0
13:29:57.219 [Thread-1] INFO  t.f.s.p.A3PipeInstantiation - Unconnected port teetime.framework.OutputPort@720cc99d in stage Merger-1
13:29:57.221 [Thread-1] INFO  t.f.s.p.A3PipeInstantiation - Unconnected port teetime.framework.OutputPort@19fa848b in stage InstanceOfFilter-3
13:29:57.227 [Thread-1] WARN  k.a.a.t.TraceIdFilter:TraceIdFilter-0 - Received more than one signal - teetime.framework.signal.ValidatingSignal@6435007c - from input port: teetime.framework.InputPort@a746868
13:29:57.227 [Thread-1] WARN  k.a.a.t.TraceIdFilter:TraceIdFilter-0 - Received more than one signal - teetime.framework.signal.ValidatingSignal@6435007c - from input port: teetime.framework.InputPort@a746868
13:29:57.227 [Thread-1] WARN  k.a.a.t.TraceIdFilter:TraceIdFilter-0 - Received more than one signal - teetime.framework.signal.ValidatingSignal@6435007c - from input port: teetime.framework.InputPort@a746868
13:29:57.567 [Thread for KiekerDirectoryScannerStage-0] INFO  k.a.g.DynamicEventDispatcher:DynamicEventDispatcher-0 - Records processed in total 0.
13:29:57.574 [Thread for Merger-4] INFO  k.a.generic.sink.NullSink:NullSink-2 - 1 records received.
13:29:57.574 [Thread for Merger-2] INFO  k.a.generic.sink.NullSink:NullSink-0 - 1 records received.
13:29:57.574 [Thread for Merger-4] INFO  k.a.generic.sink.NullSink:NullSink-2 - 1 class kieker.model.system.model.MessageTrace records received.
13:29:57.574 [Thread for Merger-2] INFO  k.a.generic.sink.NullSink:NullSink-0 - 1 class kieker.model.system.model.ExecutionTrace records received.
13:29:57.574 [Thread for Merger-2] INFO  k.a.generic.sink.NullSink:NullSink-0 - 2 records received.
13:29:57.574 [Thread for Merger-2] INFO  k.a.generic.sink.NullSink:NullSink-0 - 2 class kieker.model.system.model.ExecutionTrace records received.
13:29:57.574 [Thread for Merger-2] INFO  k.a.generic.sink.NullSink:NullSink-0 - 3 records received.
13:29:57.574 [Thread for Merger-2] INFO  k.a.generic.sink.NullSink:NullSink-0 - 3 class kieker.model.system.model.ExecutionTrace records received.
13:29:57.574 [Thread for Merger-2] INFO  k.a.generic.sink.NullSink:NullSink-0 - 4 records received.
13:29:57.574 [Thread for Merger-2] INFO  k.a.generic.sink.NullSink:NullSink-0 - 4 class kieker.model.system.model.ExecutionTrace records received.
13:29:57.574 [Thread for Merger-2] INFO  k.a.generic.sink.NullSink:NullSink-0 - 5 records received.
13:29:57.574 [Thread for Merger-2] INFO  k.a.generic.sink.NullSink:NullSink-0 - 5 class kieker.model.system.model.ExecutionTrace records received.
13:29:57.574 [Thread for Merger-2] INFO  k.a.generic.sink.NullSink:NullSink-0 - 6 records received.
13:29:57.576 [Thread for Merger-2] INFO  k.a.generic.sink.NullSink:NullSink-0 - 6 class kieker.model.system.model.ExecutionTrace records received.
13:29:57.576 [Thread for Merger-2] INFO  k.a.generic.sink.NullSink:NullSink-0 - 7 records received.
13:29:57.576 [Thread for Merger-2] INFO  k.a.generic.sink.NullSink:NullSink-0 - 7 class kieker.model.system.model.ExecutionTrace records received.
13:29:57.576 [Thread for Merger-2] INFO  k.a.generic.sink.NullSink:NullSink-0 - 8 records received.
13:29:57.576 [Thread for Merger-2] INFO  k.a.generic.sink.NullSink:NullSink-0 - 8 class kieker.model.system.model.ExecutionTrace records received.
13:29:57.576 [Thread for Merger-2] INFO  k.a.generic.sink.NullSink:NullSink-0 - 9 records received.
13:29:57.576 [Thread for Merger-2] INFO  k.a.generic.sink.NullSink:NullSink-0 - 9 class kieker.model.system.model.ExecutionTrace records received.
13:29:57.576 [Thread for Merger-2] INFO  k.a.generic.sink.NullSink:NullSink-0 - 10 records received.
13:29:57.576 [Thread for Merger-2] INFO  k.a.generic.sink.NullSink:NullSink-0 - 10 class kieker.model.system.model.ExecutionTrace records received.
13:29:57.576 [Thread for Merger-2] INFO  k.a.generic.sink.NullSink:NullSink-0 - 11 records received.
13:29:57.576 [Thread for Merger-2] INFO  k.a.generic.sink.NullSink:NullSink-0 - 11 class kieker.model.system.model.ExecutionTrace records received.
13:29:57.576 [Thread for Merger-2] INFO  k.a.generic.sink.NullSink:NullSink-0 - 12 records received.
13:29:57.576 [Thread for Merger-2] INFO  k.a.generic.sink.NullSink:NullSink-0 - 12 class kieker.model.system.model.ExecutionTrace records received.
13:29:57.576 [Thread for Merger-2] INFO  k.a.generic.sink.NullSink:NullSink-0 - 13 records received.
13:29:57.576 [Thread for Merger-2] INFO  k.a.generic.sink.NullSink:NullSink-0 - 13 class kieker.model.system.model.ExecutionTrace records received.
13:29:57.576 [Thread for Merger-2] INFO  k.a.generic.sink.NullSink:NullSink-0 - 14 records received.
13:29:57.576 [Thread for Merger-2] INFO  k.a.generic.sink.NullSink:NullSink-0 - 14 class kieker.model.system.model.ExecutionTrace records received.
13:29:57.576 [Thread for Merger-2] INFO  k.a.generic.sink.NullSink:NullSink-0 - 15 records received.
13:29:57.576 [Thread for Merger-2] INFO  k.a.generic.sink.NullSink:NullSink-0 - 15 class kieker.model.system.model.ExecutionTrace records received.
13:29:57.576 [Thread for Merger-2] INFO  k.a.generic.sink.NullSink:NullSink-0 - 16 records received.
13:29:57.576 [Thread for Merger-2] INFO  k.a.generic.sink.NullSink:NullSink-0 - 16 class kieker.model.system.model.ExecutionTrace records received.
13:29:57.576 [Thread for Merger-2] INFO  k.a.generic.sink.NullSink:NullSink-0 - 17 records received.
13:29:57.576 [Thread for Merger-2] INFO  k.a.generic.sink.NullSink:NullSink-0 - 17 class kieker.model.system.model.ExecutionTrace records received.
13:29:57.576 [Thread for Merger-2] INFO  k.a.generic.sink.NullSink:NullSink-0 - 18 records received.
13:29:57.576 [Thread for Merger-2] INFO  k.a.generic.sink.NullSink:NullSink-0 - 18 class kieker.model.system.model.ExecutionTrace records received.
13:29:57.576 [Thread for Merger-2] INFO  k.a.generic.sink.NullSink:NullSink-0 - 19 records received.
13:29:57.576 [Thread for Merger-2] INFO  k.a.generic.sink.NullSink:NullSink-0 - 19 class kieker.model.system.model.ExecutionTrace records received.
13:29:57.576 [Thread for Merger-2] INFO  k.a.generic.sink.NullSink:NullSink-0 - 20 records received.
13:29:57.576 [Thread for Merger-2] INFO  k.a.generic.sink.NullSink:NullSink-0 - 20 class kieker.model.system.model.ExecutionTrace records received.
13:29:57.576 [Thread for Merger-2] INFO  k.a.generic.sink.NullSink:NullSink-0 - 21 records received.
13:29:57.576 [Thread for Merger-2] INFO  k.a.generic.sink.NullSink:NullSink-0 - 21 class kieker.model.system.model.ExecutionTrace records received.
13:29:57.576 [Thread for Merger-2] INFO  k.a.generic.sink.NullSink:NullSink-0 - 22 records received.
13:29:57.576 [Thread for Merger-2] INFO  k.a.generic.sink.NullSink:NullSink-0 - 22 class kieker.model.system.model.ExecutionTrace records received.
13:29:57.576 [Thread for Merger-2] INFO  k.a.generic.sink.NullSink:NullSink-0 - 23 records received.
13:29:57.577 [Thread for Merger-2] INFO  k.a.generic.sink.NullSink:NullSink-0 - 23 class kieker.model.system.model.ExecutionTrace records received.
13:29:57.577 [Thread for Merger-2] INFO  k.a.generic.sink.NullSink:NullSink-0 - 24 records received.
13:29:57.577 [Thread for Merger-2] INFO  k.a.generic.sink.NullSink:NullSink-0 - 24 class kieker.model.system.model.ExecutionTrace records received.
13:29:57.577 [Thread for Merger-2] INFO  k.a.generic.sink.NullSink:NullSink-0 - 25 records received.
13:29:57.577 [Thread for Merger-2] INFO  k.a.generic.sink.NullSink:NullSink-0 - 25 class kieker.model.system.model.ExecutionTrace records received.
13:29:57.577 [Thread for Merger-2] INFO  k.a.generic.sink.NullSink:NullSink-0 - 26 records received.
13:29:57.577 [Thread for Merger-2] INFO  k.a.generic.sink.NullSink:NullSink-0 - 26 class kieker.model.system.model.ExecutionTrace records received.
13:29:57.577 [Thread for Merger-2] INFO  k.a.generic.sink.NullSink:NullSink-0 - 27 records received.
13:29:57.577 [Thread for Merger-2] INFO  k.a.generic.sink.NullSink:NullSink-0 - 27 class kieker.model.system.model.ExecutionTrace records received.
13:29:57.577 [Thread for Merger-2] INFO  k.a.generic.sink.NullSink:NullSink-0 - 28 records received.
13:29:57.577 [Thread for Merger-2] INFO  k.a.generic.sink.NullSink:NullSink-0 - 28 class kieker.model.system.model.ExecutionTrace records received.
13:29:57.577 [Thread for Merger-2] INFO  k.a.generic.sink.NullSink:NullSink-0 - 29 records received.
13:29:57.577 [Thread for Merger-2] INFO  k.a.generic.sink.NullSink:NullSink-0 - 29 class kieker.model.system.model.ExecutionTrace records received.
13:29:57.577 [Thread for Merger-2] INFO  k.a.generic.sink.NullSink:NullSink-0 - 30 records received.
13:29:57.577 [Thread for Merger-2] INFO  k.a.generic.sink.NullSink:NullSink-0 - 30 class kieker.model.system.model.ExecutionTrace records received.
13:29:57.577 [Thread for Merger-2] INFO  k.a.generic.sink.NullSink:NullSink-0 - 31 records received.
13:29:57.577 [Thread for Merger-2] INFO  k.a.generic.sink.NullSink:NullSink-0 - 31 class kieker.model.system.model.ExecutionTrace records received.
13:29:57.577 [Thread for Merger-2] INFO  k.a.generic.sink.NullSink:NullSink-0 - 32 records received.
13:29:57.577 [Thread for Merger-2] INFO  k.a.generic.sink.NullSink:NullSink-0 - 32 class kieker.model.system.model.ExecutionTrace records received.
13:29:57.577 [Thread for Merger-2] INFO  k.a.generic.sink.NullSink:NullSink-0 - 33 records received.
13:29:57.578 [Thread for Merger-2] INFO  k.a.generic.sink.NullSink:NullSink-0 - 33 class kieker.model.system.model.ExecutionTrace records received.
13:29:57.578 [Thread for Merger-2] INFO  k.a.generic.sink.NullSink:NullSink-0 - 34 records received.
13:29:57.578 [Thread for Merger-2] INFO  k.a.generic.sink.NullSink:NullSink-0 - 34 class kieker.model.system.model.ExecutionTrace records received.
13:29:57.578 [Thread for Merger-2] INFO  k.a.generic.sink.NullSink:NullSink-0 - 35 records received.
13:29:57.578 [Thread for Merger-2] INFO  k.a.generic.sink.NullSink:NullSink-0 - 35 class kieker.model.system.model.ExecutionTrace records received.
13:29:57.578 [Thread for Merger-2] INFO  k.a.generic.sink.NullSink:NullSink-0 - 36 records received.
13:29:57.578 [Thread for Merger-2] INFO  k.a.generic.sink.NullSink:NullSink-0 - 36 class kieker.model.system.model.ExecutionTrace records received.
13:29:57.578 [Thread for Merger-2] INFO  k.a.generic.sink.NullSink:NullSink-0 - 37 records received.
13:29:57.578 [Thread for Merger-2] INFO  k.a.generic.sink.NullSink:NullSink-0 - 37 class kieker.model.system.model.ExecutionTrace records received.
13:29:57.578 [Thread for Merger-2] INFO  k.a.generic.sink.NullSink:NullSink-0 - 38 records received.
13:29:57.578 [Thread for Merger-2] INFO  k.a.generic.sink.NullSink:NullSink-0 - 38 class kieker.model.system.model.ExecutionTrace records received.
13:29:57.578 [Thread for Merger-2] INFO  k.a.generic.sink.NullSink:NullSink-0 - 39 records received.
13:29:57.578 [Thread for Merger-2] INFO  k.a.generic.sink.NullSink:NullSink-0 - 39 class kieker.model.system.model.ExecutionTrace records received.
13:29:57.578 [Thread for Merger-2] INFO  k.a.generic.sink.NullSink:NullSink-0 - 40 records received.
13:29:57.578 [Thread for Merger-2] INFO  k.a.generic.sink.NullSink:NullSink-0 - 40 class kieker.model.system.model.ExecutionTrace records received.
13:29:57.578 [Thread for Merger-2] INFO  k.a.generic.sink.NullSink:NullSink-0 - 41 records received.
13:29:57.578 [Thread for Merger-2] INFO  k.a.generic.sink.NullSink:NullSink-0 - 41 class kieker.model.system.model.ExecutionTrace records received.
13:29:57.578 [Thread for Merger-2] INFO  k.a.generic.sink.NullSink:NullSink-0 - 42 records received.
13:29:57.578 [Thread for Merger-2] INFO  k.a.generic.sink.NullSink:NullSink-0 - 42 class kieker.model.system.model.ExecutionTrace records received.
13:29:57.578 [Thread for Merger-2] INFO  k.a.generic.sink.NullSink:NullSink-0 - 43 records received.
13:29:57.578 [Thread for Merger-2] INFO  k.a.generic.sink.NullSink:NullSink-0 - 43 class kieker.model.system.model.ExecutionTrace records received.
13:29:57.578 [Thread for Merger-2] INFO  k.a.generic.sink.NullSink:NullSink-0 - 44 records received.
13:29:57.578 [Thread for Merger-2] INFO  k.a.generic.sink.NullSink:NullSink-0 - 44 class kieker.model.system.model.ExecutionTrace records received.
13:29:57.578 [Thread for Merger-2] INFO  k.a.generic.sink.NullSink:NullSink-0 - 45 records received.
13:29:57.578 [Thread for Merger-2] INFO  k.a.generic.sink.NullSink:NullSink-0 - 45 class kieker.model.system.model.ExecutionTrace records received.
13:29:57.578 [Thread for Merger-2] INFO  k.a.generic.sink.NullSink:NullSink-0 - 46 records received.
13:29:57.579 [Thread for Merger-2] INFO  k.a.generic.sink.NullSink:NullSink-0 - 46 class kieker.model.system.model.ExecutionTrace records received.
13:29:57.579 [Thread for Merger-2] INFO  k.a.generic.sink.NullSink:NullSink-0 - 47 records received.
13:29:57.579 [Thread for Merger-2] INFO  k.a.generic.sink.NullSink:NullSink-0 - 47 class kieker.model.system.model.ExecutionTrace records received.
13:29:57.579 [Thread for Merger-2] INFO  k.a.generic.sink.NullSink:NullSink-0 - 48 records received.
13:29:57.579 [Thread for Merger-2] INFO  k.a.generic.sink.NullSink:NullSink-0 - 48 class kieker.model.system.model.ExecutionTrace records received.
13:29:57.611 [Thread for Merger-2] INFO  k.a.generic.sink.NullSink:NullSink-0 - 49 records received.
13:29:57.612 [Thread for Merger-2] INFO  k.a.generic.sink.NullSink:NullSink-0 - 49 class kieker.model.system.model.ExecutionTrace records received.
13:29:57.612 [Thread for Merger-2] INFO  k.a.generic.sink.NullSink:NullSink-0 - 50 records received.
13:29:57.612 [Thread for Merger-2] INFO  k.a.generic.sink.NullSink:NullSink-0 - 50 class kieker.model.system.model.ExecutionTrace records received.
13:29:58.463 [Thread for Merger-4] INFO  k.a.generic.sink.NullSink:NullSink-2 - 2 records received.
13:29:58.464 [Thread for Merger-4] INFO  k.a.generic.sink.NullSink:NullSink-2 - 2 class kieker.model.system.model.MessageTrace records received.
13:29:58.577 [Thread for Merger-4] INFO  k.a.generic.sink.NullSink:NullSink-2 - 3 records received.
13:29:58.578 [Thread for Merger-4] INFO  k.a.generic.sink.NullSink:NullSink-2 - 3 class kieker.model.system.model.MessageTrace records received.
13:29:58.709 [Thread for Merger-4] INFO  k.a.generic.sink.NullSink:NullSink-2 - 4 records received.
13:29:58.710 [Thread for Merger-4] INFO  k.a.generic.sink.NullSink:NullSink-2 - 4 class kieker.model.system.model.MessageTrace records received.
13:29:58.820 [Thread for Merger-4] INFO  k.a.generic.sink.NullSink:NullSink-2 - 5 records received.
13:29:58.820 [Thread for Merger-4] INFO  k.a.generic.sink.NullSink:NullSink-2 - 5 class kieker.model.system.model.MessageTrace records received.
13:29:58.933 [Thread for Merger-4] INFO  k.a.generic.sink.NullSink:NullSink-2 - 6 records received.
13:29:58.933 [Thread for Merger-4] INFO  k.a.generic.sink.NullSink:NullSink-2 - 6 class kieker.model.system.model.MessageTrace records received.
13:29:59.058 [Thread for Merger-4] INFO  k.a.generic.sink.NullSink:NullSink-2 - 7 records received.
13:29:59.058 [Thread for Merger-4] INFO  k.a.generic.sink.NullSink:NullSink-2 - 7 class kieker.model.system.model.MessageTrace records received.
13:29:59.167 [Thread for Merger-4] INFO  k.a.generic.sink.NullSink:NullSink-2 - 8 records received.
13:29:59.167 [Thread for Merger-4] INFO  k.a.generic.sink.NullSink:NullSink-2 - 8 class kieker.model.system.model.MessageTrace records received.
13:29:59.285 [Thread for Merger-4] INFO  k.a.generic.sink.NullSink:NullSink-2 - 9 records received.
13:29:59.285 [Thread for Merger-4] INFO  k.a.generic.sink.NullSink:NullSink-2 - 9 class kieker.model.system.model.MessageTrace records received.
13:29:59.497 [Thread for Merger-4] INFO  k.a.generic.sink.NullSink:NullSink-2 - 10 records received.
13:29:59.498 [Thread for Merger-4] INFO  k.a.generic.sink.NullSink:NullSink-2 - 10 class kieker.model.system.model.MessageTrace records received.
13:29:59.604 [Thread for Merger-4] INFO  k.a.generic.sink.NullSink:NullSink-2 - 11 records received.
13:29:59.605 [Thread for Merger-4] INFO  k.a.generic.sink.NullSink:NullSink-2 - 11 class kieker.model.system.model.MessageTrace records received.
13:29:59.716 [Thread for Merger-4] INFO  k.a.generic.sink.NullSink:NullSink-2 - 12 records received.
13:29:59.717 [Thread for Merger-4] INFO  k.a.generic.sink.NullSink:NullSink-2 - 12 class kieker.model.system.model.MessageTrace records received.
13:29:59.841 [Thread for Merger-4] INFO  k.a.generic.sink.NullSink:NullSink-2 - 13 records received.
13:29:59.841 [Thread for Merger-4] INFO  k.a.generic.sink.NullSink:NullSink-2 - 13 class kieker.model.system.model.MessageTrace records received.
13:29:59.960 [Thread for Merger-4] INFO  k.a.generic.sink.NullSink:NullSink-2 - 14 records received.
13:29:59.961 [Thread for Merger-4] INFO  k.a.generic.sink.NullSink:NullSink-2 - 14 class kieker.model.system.model.MessageTrace records received.
13:30:00.078 [Thread for Merger-4] INFO  k.a.generic.sink.NullSink:NullSink-2 - 15 records received.
13:30:00.079 [Thread for Merger-4] INFO  k.a.generic.sink.NullSink:NullSink-2 - 15 class kieker.model.system.model.MessageTrace records received.
13:30:00.198 [Thread for Merger-4] INFO  k.a.generic.sink.NullSink:NullSink-2 - 16 records received.
13:30:00.198 [Thread for Merger-4] INFO  k.a.generic.sink.NullSink:NullSink-2 - 16 class kieker.model.system.model.MessageTrace records received.
13:30:00.307 [Thread for Merger-4] INFO  k.a.generic.sink.NullSink:NullSink-2 - 17 records received.
13:30:00.307 [Thread for Merger-4] INFO  k.a.generic.sink.NullSink:NullSink-2 - 17 class kieker.model.system.model.MessageTrace records received.
13:30:00.414 [Thread for Merger-4] INFO  k.a.generic.sink.NullSink:NullSink-2 - 18 records received.
13:30:00.414 [Thread for Merger-4] INFO  k.a.generic.sink.NullSink:NullSink-2 - 18 class kieker.model.system.model.MessageTrace records received.
13:30:00.624 [Thread for Merger-4] INFO  k.a.generic.sink.NullSink:NullSink-2 - 19 records received.
13:30:00.625 [Thread for Merger-4] INFO  k.a.generic.sink.NullSink:NullSink-2 - 19 class kieker.model.system.model.MessageTrace records received.
13:30:00.846 [Thread for Merger-4] INFO  k.a.generic.sink.NullSink:NullSink-2 - 20 records received.
13:30:00.846 [Thread for Merger-4] INFO  k.a.generic.sink.NullSink:NullSink-2 - 20 class kieker.model.system.model.MessageTrace records received.
13:30:00.953 [Thread for Merger-4] INFO  k.a.generic.sink.NullSink:NullSink-2 - 21 records received.
13:30:00.953 [Thread for Merger-4] INFO  k.a.generic.sink.NullSink:NullSink-2 - 21 class kieker.model.system.model.MessageTrace records received.
13:30:01.063 [Thread for Merger-4] INFO  k.a.generic.sink.NullSink:NullSink-2 - 22 records received.
13:30:01.063 [Thread for Merger-4] INFO  k.a.generic.sink.NullSink:NullSink-2 - 22 class kieker.model.system.model.MessageTrace records received.
13:30:01.173 [Thread for Merger-4] INFO  k.a.generic.sink.NullSink:NullSink-2 - 23 records received.
13:30:01.173 [Thread for Merger-4] INFO  k.a.generic.sink.NullSink:NullSink-2 - 23 class kieker.model.system.model.MessageTrace records received.
13:30:01.278 [Thread for Merger-4] INFO  k.a.generic.sink.NullSink:NullSink-2 - 24 records received.
13:30:01.279 [Thread for Merger-4] INFO  k.a.generic.sink.NullSink:NullSink-2 - 24 class kieker.model.system.model.MessageTrace records received.
13:30:01.385 [Thread for Merger-4] INFO  k.a.generic.sink.NullSink:NullSink-2 - 25 records received.
13:30:01.385 [Thread for Merger-4] INFO  k.a.generic.sink.NullSink:NullSink-2 - 25 class kieker.model.system.model.MessageTrace records received.
13:30:01.503 [Thread for Merger-4] INFO  k.a.generic.sink.NullSink:NullSink-2 - 26 records received.
13:30:01.503 [Thread for Merger-4] INFO  k.a.generic.sink.NullSink:NullSink-2 - 26 class kieker.model.system.model.MessageTrace records received.
13:30:01.614 [Thread for Merger-4] INFO  k.a.generic.sink.NullSink:NullSink-2 - 27 records received.
13:30:01.614 [Thread for Merger-4] INFO  k.a.generic.sink.NullSink:NullSink-2 - 27 class kieker.model.system.model.MessageTrace records received.
13:30:01.733 [Thread for Merger-4] INFO  k.a.generic.sink.NullSink:NullSink-2 - 28 records received.
13:30:01.733 [Thread for Merger-4] INFO  k.a.generic.sink.NullSink:NullSink-2 - 28 class kieker.model.system.model.MessageTrace records received.
13:30:01.844 [Thread for Merger-4] INFO  k.a.generic.sink.NullSink:NullSink-2 - 29 records received.
13:30:01.844 [Thread for Merger-4] INFO  k.a.generic.sink.NullSink:NullSink-2 - 29 class kieker.model.system.model.MessageTrace records received.
13:30:02.167 [Thread for Merger-4] INFO  k.a.generic.sink.NullSink:NullSink-2 - 30 records received.
13:30:02.167 [Thread for Merger-4] INFO  k.a.generic.sink.NullSink:NullSink-2 - 30 class kieker.model.system.model.MessageTrace records received.
13:30:02.282 [Thread for Merger-4] INFO  k.a.generic.sink.NullSink:NullSink-2 - 31 records received.
13:30:02.282 [Thread for Merger-4] INFO  k.a.generic.sink.NullSink:NullSink-2 - 31 class kieker.model.system.model.MessageTrace records received.
13:30:02.619 [Thread for Merger-4] INFO  k.a.generic.sink.NullSink:NullSink-2 - 32 records received.
13:30:02.619 [Thread for Merger-4] INFO  k.a.generic.sink.NullSink:NullSink-2 - 32 class kieker.model.system.model.MessageTrace records received.
13:30:02.954 [Thread for Merger-4] INFO  k.a.generic.sink.NullSink:NullSink-2 - 33 records received.
13:30:02.955 [Thread for Merger-4] INFO  k.a.generic.sink.NullSink:NullSink-2 - 33 class kieker.model.system.model.MessageTrace records received.
13:30:03.064 [Thread for Merger-4] INFO  k.a.generic.sink.NullSink:NullSink-2 - 34 records received.
13:30:03.064 [Thread for Merger-4] INFO  k.a.generic.sink.NullSink:NullSink-2 - 34 class kieker.model.system.model.MessageTrace records received.
13:30:03.279 [Thread for Merger-4] INFO  k.a.generic.sink.NullSink:NullSink-2 - 35 records received.
13:30:03.280 [Thread for Merger-4] INFO  k.a.generic.sink.NullSink:NullSink-2 - 35 class kieker.model.system.model.MessageTrace records received.
13:30:03.494 [Thread for Merger-4] INFO  k.a.generic.sink.NullSink:NullSink-2 - 36 records received.
13:30:03.494 [Thread for Merger-4] INFO  k.a.generic.sink.NullSink:NullSink-2 - 36 class kieker.model.system.model.MessageTrace records received.
13:30:03.707 [Thread for Merger-4] INFO  k.a.generic.sink.NullSink:NullSink-2 - 37 records received.
13:30:03.707 [Thread for Merger-4] INFO  k.a.generic.sink.NullSink:NullSink-2 - 37 class kieker.model.system.model.MessageTrace records received.
13:30:03.819 [Thread for Merger-4] INFO  k.a.generic.sink.NullSink:NullSink-2 - 38 records received.
13:30:03.819 [Thread for Merger-4] INFO  k.a.generic.sink.NullSink:NullSink-2 - 38 class kieker.model.system.model.MessageTrace records received.
13:30:03.938 [Thread for Merger-4] INFO  k.a.generic.sink.NullSink:NullSink-2 - 39 records received.
13:30:03.938 [Thread for Merger-4] INFO  k.a.generic.sink.NullSink:NullSink-2 - 39 class kieker.model.system.model.MessageTrace records received.
13:30:04.154 [Thread for Merger-4] INFO  k.a.generic.sink.NullSink:NullSink-2 - 40 records received.
13:30:04.154 [Thread for Merger-4] INFO  k.a.generic.sink.NullSink:NullSink-2 - 40 class kieker.model.system.model.MessageTrace records received.
13:30:04.261 [Thread for Merger-4] INFO  k.a.generic.sink.NullSink:NullSink-2 - 41 records received.
13:30:04.262 [Thread for Merger-4] INFO  k.a.generic.sink.NullSink:NullSink-2 - 41 class kieker.model.system.model.MessageTrace records received.
13:30:04.375 [Thread for Merger-4] INFO  k.a.generic.sink.NullSink:NullSink-2 - 42 records received.
13:30:04.375 [Thread for Merger-4] INFO  k.a.generic.sink.NullSink:NullSink-2 - 42 class kieker.model.system.model.MessageTrace records received.
13:30:04.487 [Thread for Merger-4] INFO  k.a.generic.sink.NullSink:NullSink-2 - 43 records received.
13:30:04.488 [Thread for Merger-4] INFO  k.a.generic.sink.NullSink:NullSink-2 - 43 class kieker.model.system.model.MessageTrace records received.
13:30:04.693 [Thread for Merger-4] INFO  k.a.generic.sink.NullSink:NullSink-2 - 44 records received.
13:30:04.693 [Thread for Merger-4] INFO  k.a.generic.sink.NullSink:NullSink-2 - 44 class kieker.model.system.model.MessageTrace records received.
13:30:04.811 [Thread for Merger-4] INFO  k.a.generic.sink.NullSink:NullSink-2 - 45 records received.
13:30:04.811 [Thread for Merger-4] INFO  k.a.generic.sink.NullSink:NullSink-2 - 45 class kieker.model.system.model.MessageTrace records received.
13:30:05.018 [Thread for Merger-4] INFO  k.a.generic.sink.NullSink:NullSink-2 - 46 records received.
13:30:05.018 [Thread for Merger-4] INFO  k.a.generic.sink.NullSink:NullSink-2 - 46 class kieker.model.system.model.MessageTrace records received.
13:30:05.126 [Thread for Merger-4] INFO  k.a.generic.sink.NullSink:NullSink-2 - 47 records received.
13:30:05.127 [Thread for Merger-4] INFO  k.a.generic.sink.NullSink:NullSink-2 - 47 class kieker.model.system.model.MessageTrace records received.
13:30:06.041 [Thread for Merger-4] WARN  t.f.e.TerminatingExceptionListener - Exception occurred in PlantUMLFileGenerator-0
java.lang.UnsupportedOperationException: PDF
	at net.atmp.ImageBuilder.createUGraphic(ImageBuilder.java:408)
	at net.atmp.ImageBuilder.writeImageInternal(ImageBuilder.java:262)
	at net.atmp.ImageBuilder.write(ImageBuilder.java:238)
	at net.sourceforge.plantuml.directdot.PSystemDot.exportDiagramNow(PSystemDot.java:89)
	at net.sourceforge.plantuml.AbstractPSystem.exportDiagram(AbstractPSystem.java:216)
	at net.sourceforge.plantuml.SourceStringReader.outputImage(SourceStringReader.java:189)
	at net.sourceforge.plantuml.SourceStringReader.outputImage(SourceStringReader.java:147)
	at kieker.visualization.trace.plantuml.PlantUMLFileGenerator.generateImage(PlantUMLFileGenerator.java:111)
	at kieker.visualization.trace.plantuml.PlantUMLFileGenerator.generate(PlantUMLFileGenerator.java:92)
	at kieker.visualization.trace.plantuml.PlantUMLFileGenerator.execute(PlantUMLFileGenerator.java:83)
	at kieker.visualization.trace.plantuml.PlantUMLFileGenerator.execute(PlantUMLFileGenerator.java:46)
	at teetime.framework.AbstractConsumerStage.execute(AbstractConsumerStage.java:50)
	at teetime.framework.AbstractStage.executeWithCatchedExceptions(AbstractStage.java:220)
	at teetime.framework.AbstractStage.executeByFramework(AbstractStage.java:214)
	at teetime.framework.scheduling.pushpullmodel.A3PipeInstantiation.onElementAdded(A3PipeInstantiation.java:99)
	at teetime.framework.pipe.UnsynchedPipe.add(UnsynchedPipe.java:38)
	at teetime.framework.OutputPort.send(OutputPort.java:54)
	at kieker.visualization.trace.call.tree.plantuml.PlantUMLTraceCallTreeFilter.execute(PlantUMLTraceCallTreeFilter.java:111)
	at kieker.visualization.trace.call.tree.plantuml.PlantUMLTraceCallTreeFilter.execute(PlantUMLTraceCallTreeFilter.java:48)
	at teetime.framework.AbstractConsumerStage.execute(AbstractConsumerStage.java:50)
	at teetime.framework.AbstractStage.executeWithCatchedExceptions(AbstractStage.java:220)
	at teetime.framework.AbstractStage.executeByFramework(AbstractStage.java:214)
	at teetime.framework.scheduling.pushpullmodel.A3PipeInstantiation.onElementAdded(A3PipeInstantiation.java:99)
	at teetime.framework.pipe.UnsynchedPipe.add(UnsynchedPipe.java:38)
	at teetime.framework.OutputPort.send(OutputPort.java:54)
	at teetime.stage.basic.distributor.strategy.CopyByReferenceStrategy.distribute(CopyByReferenceStrategy.java:33)
	at teetime.stage.basic.distributor.Distributor.execute(Distributor.java:72)
	at teetime.framework.AbstractConsumerStage.execute(AbstractConsumerStage.java:50)
	at teetime.framework.AbstractStage.executeWithCatchedExceptions(AbstractStage.java:220)
	at teetime.framework.AbstractStage.executeByFramework(AbstractStage.java:214)
	at teetime.framework.scheduling.pushpullmodel.A3PipeInstantiation.onElementAdded(A3PipeInstantiation.java:99)
	at teetime.framework.pipe.UnsynchedPipe.add(UnsynchedPipe.java:38)
	at teetime.framework.OutputPort.send(OutputPort.java:54)
	at teetime.stage.basic.merger.Merger.execute(Merger.java:84)
	at teetime.framework.AbstractStage.executeWithCatchedExceptions(AbstractStage.java:220)
	at teetime.framework.AbstractStage.executeByFramework(AbstractStage.java:214)
	at teetime.framework.StageFacade.runStage(StageFacade.java:76)
	at teetime.framework.scheduling.pushpullmodel.AbstractRunnableStage.run(AbstractRunnableStage.java:56)
	at java.base/java.lang.Thread.run(Unknown Source)
	at teetime.framework.scheduling.pushpullmodel.TeeTimeThread.run(TeeTimeThread.java:46)
13:30:06.179 [Thread for Merger-4] ERROR k.v.t.plantuml.PlantUMLFileGenerator - Failed to merge PDF files
java.io.IOException: Error: End-of-File, expected line at offset 195
	at org.apache.pdfbox.pdfparser.BaseParser.readLine(BaseParser.java:1108)
	at org.apache.pdfbox.pdfparser.COSParser.parseHeader(COSParser.java:2650)
	at org.apache.pdfbox.pdfparser.COSParser.parsePDFHeader(COSParser.java:2629)
	at org.apache.pdfbox.pdfparser.PDFParser.parse(PDFParser.java:219)
	at org.apache.pdfbox.pdmodel.PDDocument.load(PDDocument.java:1109)
	at org.apache.pdfbox.pdmodel.PDDocument.load(PDDocument.java:1092)
	at org.apache.pdfbox.pdmodel.PDDocument.load(PDDocument.java:1016)
	at org.apache.pdfbox.multipdf.PDFMergerUtility.legacyMergeDocuments(PDFMergerUtility.java:453)
	at org.apache.pdfbox.multipdf.PDFMergerUtility.mergeDocuments(PDFMergerUtility.java:347)
	at kieker.visualization.trace.plantuml.PlantUMLFileGenerator.mergePdfFiles(PlantUMLFileGenerator.java:163)
	at kieker.visualization.trace.plantuml.PlantUMLFileGenerator.onTerminating(PlantUMLFileGenerator.java:119)
	at teetime.framework.StageFacade.onTerminating(StageFacade.java:130)
	at teetime.framework.signal.TerminatingSignal.trigger(TerminatingSignal.java:29)
	at teetime.framework.AbstractStage.onSignal(AbstractStage.java:350)
	at teetime.framework.pipe.AbstractUnsynchedPipe.sendSignal(AbstractUnsynchedPipe.java:42)
	at teetime.framework.OutputPort.sendSignal(OutputPort.java:81)
	at teetime.framework.AbstractStage.onSignal(AbstractStage.java:353)
	at teetime.framework.pipe.AbstractUnsynchedPipe.sendSignal(AbstractUnsynchedPipe.java:42)
	at teetime.framework.OutputPort.sendSignal(OutputPort.java:81)
	at teetime.framework.AbstractStage.onSignal(AbstractStage.java:353)
	at teetime.framework.pipe.AbstractUnsynchedPipe.sendSignal(AbstractUnsynchedPipe.java:42)
	at teetime.framework.OutputPort.sendSignal(OutputPort.java:81)
	at teetime.framework.AbstractStage.onSignal(AbstractStage.java:353)
	at teetime.framework.scheduling.pushpullmodel.RunnableConsumerStage.afterStageExecution(RunnableConsumerStage.java:48)
	at teetime.framework.scheduling.pushpullmodel.AbstractRunnableStage.run(AbstractRunnableStage.java:61)
	at java.base/java.lang.Thread.run(Unknown Source)
	at teetime.framework.scheduling.pushpullmodel.TeeTimeThread.run(TeeTimeThread.java:46)
13:30:06.179 [Thread for Merger-4] ERROR teetime.stage.basic.merger.Merger - Terminating thread due to the following exception: 
java.lang.IllegalStateException: Illegal state change from TERMINATED to TERMINATING
	at teetime.framework.AbstractStage.changeState(AbstractStage.java:398)
	at teetime.framework.AbstractStage.terminateStageByFramework(AbstractStage.java:679)
	at teetime.framework.AbstractStage.abort(AbstractStage.java:683)
	at teetime.framework.StageFacade.abort(StageFacade.java:38)
	at teetime.framework.scheduling.pushpullmodel.PushPullScheduling.abortStages(PushPullScheduling.java:196)
	at teetime.framework.scheduling.pushpullmodel.PushPullScheduling.onTerminate(PushPullScheduling.java:190)
	at teetime.framework.StageFacade.runStage(StageFacade.java:80)
	at teetime.framework.scheduling.pushpullmodel.AbstractRunnableStage.run(AbstractRunnableStage.java:56)
	at java.base/java.lang.Thread.run(Unknown Source)
	at teetime.framework.scheduling.pushpullmodel.TeeTimeThread.run(TeeTimeThread.java:46)
14:02:20.261 [Thread-1] ERROR TraceAnalysisToolMain - No input directories specified.
14:02:20.269 [Thread-1] ERROR TraceAnalysisToolMain - Configuration Error
